model,n_tasks,naming,t1_load,regime,passphrase_last,base_temp,probe_k,seed,t2_phrase,t2_task_name,t2_rank,t2_abs_index,cot_len_chars,base_output_truncated,has_fork_point,realized_report_contains,realized_t2_in_cot,t1_correct,report_s,report_k,report_degenerate,access_s,access_k,access_degenerate
qwen2.5:3b,5,non-ordered,trivial,cot,True,1.0,20,114,HOTEL SIERRA DELTA,INKWELL,5,14,491,0,1,0,0,1.0,1,20,0,,,
qwen2.5:3b,5,non-ordered,trivial,direct,True,1.0,20,114,HOTEL SIERRA DELTA,INKWELL,5,14,157,0,1,1,,1.0,20,20,0,,,
qwen2.5:3b,5,non-ordered,math_bench_2,cot,True,1.0,20,149,CHARLIE DELTA INDIA,TROMBONE,5,14,1101,0,1,1,1,0.25,20,20,0,,,
qwen2.5:3b,5,non-ordered,math_bench_2,direct,True,1.0,20,149,CHARLIE DELTA INDIA,TROMBONE,5,14,177,0,1,1,,0.5,20,20,0,,,
qwen2.5:3b,5,non-ordered,math_bench_3,cot,True,1.0,20,149,CHARLIE DELTA INDIA,TROMBONE,5,14,1531,0,1,0,1,0.75,2,20,0,,,
qwen2.5:3b,5,non-ordered,math_bench_3,direct,True,1.0,20,149,CHARLIE DELTA INDIA,TROMBONE,5,14,112,0,1,1,,0.25,20,20,0,,,
qwen2.5:3b,5,non-ordered,math_bench_4,cot,True,1.0,20,149,CHARLIE DELTA INDIA,TROMBONE,5,14,1815,0,1,1,0,0.25,20,20,0,,,
qwen2.5:3b,5,non-ordered,math_bench_4,direct,True,1.0,20,149,CHARLIE DELTA INDIA,TROMBONE,5,14,110,0,1,1,,0.0,20,20,0,,,
qwen2.5:3b,5,non-ordered,trivial,cot,True,1.0,20,1114,QUEBEC INDIA OSCAR,DAFFODIL,5,14,1089,0,1,1,1,0.75,20,20,0,,,
qwen2.5:3b,5,non-ordered,trivial,direct,True,1.0,20,1114,QUEBEC INDIA OSCAR,DAFFODIL,5,14,151,0,1,0,,1.0,15,20,0,,,
qwen2.5:3b,5,non-ordered,math_bench_2,cot,True,1.0,20,1149,SIERRA HOTEL XRAY,LULLABY,5,15,1256,0,1,1,0,0.5,17,20,0,,,
qwen2.5:3b,5,non-ordered,math_bench_2,direct,True,1.0,20,1149,SIERRA HOTEL XRAY,LULLABY,5,15,123,0,1,1,,0.25,10,20,0,,,
qwen2.5:3b,5,non-ordered,math_bench_3,cot,True,1.0,20,1149,SIERRA HOTEL XRAY,LULLABY,5,15,1158,0,1,0,1,0.25,20,20,0,,,
qwen2.5:3b,5,non-ordered,math_bench_3,direct,True,1.0,20,1149,SIERRA HOTEL XRAY,LULLABY,5,15,111,0,1,1,,0.25,15,20,0,,,
qwen2.5:3b,5,non-ordered,math_bench_4,cot,True,1.0,20,1149,SIERRA HOTEL XRAY,LULLABY,5,15,1419,0,1,1,1,0.25,20,20,0,,,
qwen2.5:3b,5,non-ordered,math_bench_4,direct,True,1.0,20,1149,SIERRA HOTEL XRAY,LULLABY,5,15,110,0,1,1,,0.0,20,20,0,,,
qwen2.5:3b,5,non-ordered,trivial,cot,True,1.0,20,2114,HOTEL GOLF VICTOR,QUARRY,5,15,229,0,1,0,0,0.5,0,20,1,,,
qwen2.5:3b,5,non-ordered,trivial,direct,True,1.0,20,2114,HOTEL GOLF VICTOR,QUARRY,5,15,188,0,1,1,,1.0,20,20,0,,,
qwen2.5:3b,5,non-ordered,math_bench_2,cot,True,1.0,20,2149,ZULU ROMEO ALPHA,HAMMOCK,5,13,856,0,1,1,1,0.25,20,20,0,,,
qwen2.5:3b,5,non-ordered,math_bench_2,direct,True,1.0,20,2149,ZULU ROMEO ALPHA,HAMMOCK,5,13,182,0,1,1,,0.25,20,20,0,,,
qwen2.5:3b,5,non-ordered,math_bench_3,cot,True,1.0,20,2149,ZULU ROMEO ALPHA,HAMMOCK,5,13,1430,0,1,1,1,0.5,20,20,0,,,
qwen2.5:3b,5,non-ordered,math_bench_3,direct,True,1.0,20,2149,ZULU ROMEO ALPHA,HAMMOCK,5,13,107,0,1,1,,0.25,20,20,0,,,
qwen2.5:3b,5,non-ordered,math_bench_4,cot,True,1.0,20,2149,ZULU ROMEO ALPHA,HAMMOCK,5,13,1008,0,1,1,1,0.0,20,20,0,,,
qwen2.5:3b,5,non-ordered,math_bench_4,direct,True,1.0,20,2149,ZULU ROMEO ALPHA,HAMMOCK,5,13,109,0,1,1,,0.0,20,20,0,,,
qwen2.5:3b,5,non-ordered,trivial,cot,True,1.0,20,3114,HOTEL INDIA ROMEO,SAXOPHONE,5,13,697,0,1,1,1,1.0,20,20,0,,,
qwen2.5:3b,5,non-ordered,trivial,direct,True,1.0,20,3114,HOTEL INDIA ROMEO,SAXOPHONE,5,13,134,0,1,1,,1.0,20,20,0,,,
qwen2.5:3b,5,non-ordered,math_bench_2,cot,True,1.0,20,3149,KILO UNIFORM INDIA,TOBOGGAN,5,14,2224,0,1,1,1,0.25,20,20,0,,,
qwen2.5:3b,5,non-ordered,math_bench_2,direct,True,1.0,20,3149,KILO UNIFORM INDIA,TOBOGGAN,5,14,92,0,1,1,,0.5,20,20,0,,,
qwen2.5:3b,5,non-ordered,math_bench_3,cot,True,1.0,20,3149,KILO UNIFORM INDIA,TOBOGGAN,5,14,804,0,1,1,1,0.25,20,20,0,,,
qwen2.5:3b,5,non-ordered,math_bench_3,direct,True,1.0,20,3149,KILO UNIFORM INDIA,TOBOGGAN,5,14,111,0,1,1,,0.25,20,20,0,,,
qwen2.5:3b,5,non-ordered,math_bench_4,cot,True,1.0,20,3149,KILO UNIFORM INDIA,TOBOGGAN,5,14,1620,0,1,1,1,0.25,19,20,0,,,
qwen2.5:3b,5,non-ordered,math_bench_4,direct,True,1.0,20,3149,KILO UNIFORM INDIA,TOBOGGAN,5,14,125,0,1,1,,0.0,20,20,0,,,
qwen2.5:3b,5,non-ordered,trivial,cot,True,1.0,20,4114,ALPHA XRAY WHISKEY,HAMMOCK,5,15,494,0,1,1,1,1.0,16,20,0,,,
qwen2.5:3b,5,non-ordered,trivial,direct,True,1.0,20,4114,ALPHA XRAY WHISKEY,HAMMOCK,5,15,123,0,1,1,,1.0,17,20,0,,,
qwen2.5:3b,5,non-ordered,math_bench_2,cot,True,1.0,20,4149,INDIA DELTA ROMEO,EGGPLANT,5,14,754,0,1,1,0,0.0,20,20,0,,,
qwen2.5:3b,5,non-ordered,math_bench_2,direct,True,1.0,20,4149,INDIA DELTA ROMEO,EGGPLANT,5,14,113,0,1,1,,0.0,20,20,0,,,
qwen2.5:3b,5,non-ordered,math_bench_3,cot,True,1.0,20,4149,INDIA DELTA ROMEO,EGGPLANT,5,14,908,0,1,1,0,0.25,18,20,0,,,
qwen2.5:3b,5,non-ordered,math_bench_3,direct,True,1.0,20,4149,INDIA DELTA ROMEO,EGGPLANT,5,14,94,0,1,1,,0.0,19,20,0,,,
qwen2.5:3b,5,non-ordered,math_bench_4,cot,True,1.0,20,4149,INDIA DELTA ROMEO,EGGPLANT,5,14,804,0,1,1,1,0.25,20,20,1,,,
qwen2.5:3b,5,non-ordered,math_bench_4,direct,True,1.0,20,4149,INDIA DELTA ROMEO,EGGPLANT,5,14,113,0,1,1,,0.25,16,20,0,,,
qwen2.5:3b,5,non-ordered,trivial,cot,True,1.0,20,5114,GOLF QUEBEC OSCAR,BLIZZARD,5,14,414,0,1,1,1,0.5,20,20,0,,,
qwen2.5:3b,5,non-ordered,trivial,direct,True,1.0,20,5114,GOLF QUEBEC OSCAR,BLIZZARD,5,14,172,0,1,1,,1.0,20,20,0,,,
qwen2.5:3b,5,non-ordered,math_bench_2,cot,True,1.0,20,5149,OSCAR WHISKEY YANKEE,UNICYCLE,5,15,1135,0,1,1,1,0.25,19,20,0,,,
qwen2.5:3b,5,non-ordered,math_bench_2,direct,True,1.0,20,5149,OSCAR WHISKEY YANKEE,UNICYCLE,5,15,116,0,1,1,,0.25,17,20,0,,,
qwen2.5:3b,5,non-ordered,math_bench_3,cot,True,1.0,20,5149,OSCAR WHISKEY YANKEE,UNICYCLE,5,15,712,0,1,0,1,0.25,0,20,0,,,
qwen2.5:3b,5,non-ordered,math_bench_3,direct,True,1.0,20,5149,OSCAR WHISKEY YANKEE,UNICYCLE,5,15,119,0,1,1,,0.25,14,20,0,,,
qwen2.5:3b,5,non-ordered,math_bench_4,cot,True,1.0,20,5149,OSCAR WHISKEY YANKEE,UNICYCLE,5,15,1064,0,1,0,0,0.0,0,20,1,,,
qwen2.5:3b,5,non-ordered,math_bench_4,direct,True,1.0,20,5149,OSCAR WHISKEY YANKEE,UNICYCLE,5,15,636,0,1,0,,0.0,7,20,0,,,
qwen2.5:3b,5,non-ordered,trivial,cot,True,1.0,20,6114,CHARLIE SIERRA ECHO,CACTUS,5,14,512,0,1,1,1,0.75,20,20,0,,,
qwen2.5:3b,5,non-ordered,trivial,direct,True,1.0,20,6114,CHARLIE SIERRA ECHO,CACTUS,5,14,224,0,1,1,,1.0,20,20,0,,,
qwen2.5:3b,5,non-ordered,math_bench_2,cot,True,1.0,20,6149,WHISKEY PAPA INDIA,CACTUS,5,15,1262,0,1,1,1,0.75,20,20,0,,,
qwen2.5:3b,5,non-ordered,math_bench_2,direct,True,1.0,20,6149,WHISKEY PAPA INDIA,CACTUS,5,15,91,0,1,1,,0.0,20,20,0,,,
qwen2.5:3b,5,non-ordered,math_bench_3,cot,True,1.0,20,6149,WHISKEY PAPA INDIA,CACTUS,5,15,1488,0,1,1,1,0.25,20,20,0,,,
qwen2.5:3b,5,non-ordered,math_bench_3,direct,True,1.0,20,6149,WHISKEY PAPA INDIA,CACTUS,5,15,220,0,1,1,,0.25,20,20,0,,,
qwen2.5:3b,5,non-ordered,math_bench_4,cot,True,1.0,20,6149,WHISKEY PAPA INDIA,CACTUS,5,15,612,0,1,0,0,0.0,0,20,0,,,
qwen2.5:3b,5,non-ordered,math_bench_4,direct,True,1.0,20,6149,WHISKEY PAPA INDIA,CACTUS,5,15,73,0,1,1,,0.0,20,20,0,,,
qwen2.5:3b,5,non-ordered,trivial,cot,True,1.0,20,7114,HOTEL PAPA FOXTROT,VINEYARD,5,15,532,0,0,1,1,1.0,,,,,,
qwen2.5:3b,5,non-ordered,trivial,direct,True,1.0,20,7114,HOTEL PAPA FOXTROT,VINEYARD,5,15,122,0,1,1,,1.0,20,20,0,,,
qwen2.5:3b,5,non-ordered,math_bench_2,cot,True,1.0,20,7149,ECHO UNIFORM CHARLIE,JUKEBOX,5,15,895,0,1,1,1,0.75,20,20,0,,,
qwen2.5:3b,5,non-ordered,math_bench_2,direct,True,1.0,20,7149,ECHO UNIFORM CHARLIE,JUKEBOX,5,15,110,0,1,1,,0.25,20,20,0,,,
qwen2.5:3b,5,non-ordered,math_bench_3,cot,True,1.0,20,7149,ECHO UNIFORM CHARLIE,JUKEBOX,5,15,1250,0,1,0,0,0.5,0,20,0,,,
qwen2.5:3b,5,non-ordered,math_bench_3,direct,True,1.0,20,7149,ECHO UNIFORM CHARLIE,JUKEBOX,5,15,108,0,1,1,,0.0,20,20,0,,,
qwen2.5:3b,5,non-ordered,math_bench_4,cot,True,1.0,20,7149,ECHO UNIFORM CHARLIE,JUKEBOX,5,15,1618,0,1,0,1,0.25,14,20,0,,,
qwen2.5:3b,5,non-ordered,math_bench_4,direct,True,1.0,20,7149,ECHO UNIFORM CHARLIE,JUKEBOX,5,15,117,0,1,1,,0.0,20,20,0,,,
qwen2.5:3b,5,non-ordered,trivial,cot,True,1.0,20,8114,MIKE ECHO YANKEE,PYRAMID,5,12,344,0,1,0,0,1.0,0,20,1,,,
qwen2.5:3b,5,non-ordered,trivial,direct,True,1.0,20,8114,MIKE ECHO YANKEE,PYRAMID,5,12,215,0,1,1,,1.0,20,20,0,,,
qwen2.5:3b,5,non-ordered,math_bench_2,cot,True,1.0,20,8149,BRAVO GOLF VICTOR,OPAL,5,15,1469,0,1,0,0,0.25,12,20,0,,,
qwen2.5:3b,5,non-ordered,math_bench_2,direct,True,1.0,20,8149,BRAVO GOLF VICTOR,OPAL,5,15,104,0,1,1,,0.25,20,20,0,,,
qwen2.5:3b,5,non-ordered,math_bench_3,cot,True,1.0,20,8149,BRAVO GOLF VICTOR,OPAL,5,15,1356,0,1,1,1,0.75,20,20,0,,,
qwen2.5:3b,5,non-ordered,math_bench_3,direct,True,1.0,20,8149,BRAVO GOLF VICTOR,OPAL,5,15,106,0,1,1,,0.0,19,20,0,,,
qwen2.5:3b,5,non-ordered,math_bench_4,cot,True,1.0,20,8149,BRAVO GOLF VICTOR,OPAL,5,15,968,0,1,1,1,0.0,20,20,0,,,
qwen2.5:3b,5,non-ordered,math_bench_4,direct,True,1.0,20,8149,BRAVO GOLF VICTOR,OPAL,5,15,161,0,1,1,,0.0,20,20,0,,,
qwen2.5:3b,5,non-ordered,trivial,cot,True,1.0,20,9114,UNIFORM SIERRA KILO,ORCHID,5,15,555,0,0,1,1,1.0,,,,,,
qwen2.5:3b,5,non-ordered,trivial,direct,True,1.0,20,9114,UNIFORM SIERRA KILO,ORCHID,5,15,120,0,1,1,,1.0,20,20,0,,,
qwen2.5:3b,5,non-ordered,math_bench_2,cot,True,1.0,20,9149,UNIFORM ZULU ROMEO,WALRUS,5,13,1031,0,1,1,1,0.75,20,20,0,,,
qwen2.5:3b,5,non-ordered,math_bench_2,direct,True,1.0,20,9149,UNIFORM ZULU ROMEO,WALRUS,5,13,108,0,1,1,,0.25,20,20,0,,,
qwen2.5:3b,5,non-ordered,math_bench_3,cot,True,1.0,20,9149,UNIFORM ZULU ROMEO,WALRUS,5,13,930,0,1,1,1,0.0,20,20,0,,,
qwen2.5:3b,5,non-ordered,math_bench_3,direct,True,1.0,20,9149,UNIFORM ZULU ROMEO,WALRUS,5,13,130,0,1,1,,0.0,20,20,0,,,
qwen2.5:3b,5,non-ordered,math_bench_4,cot,True,1.0,20,9149,UNIFORM ZULU ROMEO,WALRUS,5,13,1102,0,1,0,0,0.25,3,20,0,,,
qwen2.5:3b,5,non-ordered,math_bench_4,direct,True,1.0,20,9149,UNIFORM ZULU ROMEO,WALRUS,5,13,143,0,1,1,,0.0,20,20,0,,,
qwen2.5:3b,5,non-ordered,trivial,cot,True,1.0,20,10114,BRAVO QUEBEC INDIA,NUTMEG,5,14,342,0,1,1,1,1.0,20,20,0,,,
qwen2.5:3b,5,non-ordered,trivial,direct,True,1.0,20,10114,BRAVO QUEBEC INDIA,NUTMEG,5,14,215,0,1,1,,1.0,20,20,0,,,
qwen2.5:3b,5,non-ordered,math_bench_2,cot,True,1.0,20,10149,JULIET MIKE DELTA,SAPPHIRE,5,15,1057,0,1,0,0,0.5,12,20,0,,,
qwen2.5:3b,5,non-ordered,math_bench_2,direct,True,1.0,20,10149,JULIET MIKE DELTA,SAPPHIRE,5,15,174,0,1,1,,0.0,20,20,0,,,
qwen2.5:3b,5,non-ordered,math_bench_3,cot,True,1.0,20,10149,JULIET MIKE DELTA,SAPPHIRE,5,15,2672,1,1,0,1,0.25,18,20,0,,,
qwen2.5:3b,5,non-ordered,math_bench_3,direct,True,1.0,20,10149,JULIET MIKE DELTA,SAPPHIRE,5,15,124,0,1,0,,0.0,10,20,0,,,
qwen2.5:3b,5,non-ordered,math_bench_4,cot,True,1.0,20,10149,JULIET MIKE DELTA,SAPPHIRE,5,15,628,0,1,0,0,0.0,0,20,1,,,
qwen2.5:3b,5,non-ordered,math_bench_4,direct,True,1.0,20,10149,JULIET MIKE DELTA,SAPPHIRE,5,15,108,0,1,1,,0.25,19,20,0,,,
qwen2.5:3b,5,non-ordered,trivial,cot,True,1.0,20,11114,BRAVO SIERRA FOXTROT,HEDGEHOG,5,15,468,0,1,1,1,1.0,20,20,0,,,
qwen2.5:3b,5,non-ordered,trivial,direct,True,1.0,20,11114,BRAVO SIERRA FOXTROT,HEDGEHOG,5,15,143,0,1,1,,1.0,20,20,0,,,
qwen2.5:3b,5,non-ordered,math_bench_2,cot,True,1.0,20,11149,HOTEL LIMA JULIET,ZUCCHINI,5,15,355,0,1,1,1,0.25,20,20,1,,,
qwen2.5:3b,5,non-ordered,math_bench_2,direct,True,1.0,20,11149,HOTEL LIMA JULIET,ZUCCHINI,5,15,113,0,1,1,,0.5,20,20,0,,,
qwen2.5:3b,5,non-ordered,math_bench_3,cot,True,1.0,20,11149,HOTEL LIMA JULIET,ZUCCHINI,5,15,848,0,1,1,1,0.25,20,20,1,,,
qwen2.5:3b,5,non-ordered,math_bench_3,direct,True,1.0,20,11149,HOTEL LIMA JULIET,ZUCCHINI,5,15,112,0,1,1,,0.0,20,20,0,,,
qwen2.5:3b,5,non-ordered,math_bench_4,cot,True,1.0,20,11149,HOTEL LIMA JULIET,ZUCCHINI,5,15,1562,0,1,1,0,0.0,20,20,0,,,
qwen2.5:3b,5,non-ordered,math_bench_4,direct,True,1.0,20,11149,HOTEL LIMA JULIET,ZUCCHINI,5,15,112,0,1,1,,0.0,20,20,0,,,
qwen2.5:3b,5,non-ordered,trivial,cot,True,1.0,20,12114,JULIET CHARLIE ZULU,VINEYARD,5,14,346,0,1,1,1,1.0,19,20,0,,,
qwen2.5:3b,5,non-ordered,trivial,direct,True,1.0,20,12114,JULIET CHARLIE ZULU,VINEYARD,5,14,217,0,1,1,,1.0,20,20,0,,,
qwen2.5:3b,5,non-ordered,math_bench_2,cot,True,1.0,20,12149,PAPA OSCAR ZULU,ORIGAMI,5,15,1322,0,1,1,0,0.25,20,20,0,,,
qwen2.5:3b,5,non-ordered,math_bench_2,direct,True,1.0,20,12149,PAPA OSCAR ZULU,ORIGAMI,5,15,110,0,1,1,,0.0,9,20,0,,,
qwen2.5:3b,5,non-ordered,math_bench_3,cot,True,1.0,20,12149,PAPA OSCAR ZULU,ORIGAMI,5,15,1456,0,1,1,1,0.75,20,20,0,,,
qwen2.5:3b,5,non-ordered,math_bench_3,direct,True,1.0,20,12149,PAPA OSCAR ZULU,ORIGAMI,5,15,185,0,1,1,,0.0,10,20,0,,,
qwen2.5:3b,5,non-ordered,math_bench_4,cot,True,1.0,20,12149,PAPA OSCAR ZULU,ORIGAMI,5,15,838,0,1,0,0,0.25,0,20,0,,,
qwen2.5:3b,5,non-ordered,math_bench_4,direct,True,1.0,20,12149,PAPA OSCAR ZULU,ORIGAMI,5,15,214,0,1,1,,0.0,18,20,0,,,
qwen2.5:3b,5,non-ordered,trivial,cot,True,1.0,20,13114,PAPA BRAVO JULIET,FIREFLY,5,15,670,0,1,1,1,1.0,20,20,0,,,
qwen2.5:3b,5,non-ordered,trivial,direct,True,1.0,20,13114,PAPA BRAVO JULIET,FIREFLY,5,15,138,0,1,1,,1.0,15,20,0,,,
qwen2.5:3b,5,non-ordered,math_bench_2,cot,True,1.0,20,13149,WHISKEY YANKEE INDIA,RASPBERRY,5,11,479,0,1,0,0,0.5,0,20,1,,,
qwen2.5:3b,5,non-ordered,math_bench_2,direct,True,1.0,20,13149,WHISKEY YANKEE INDIA,RASPBERRY,5,11,110,0,1,0,,0.25,0,20,0,,,
qwen2.5:3b,5,non-ordered,math_bench_3,cot,True,1.0,20,13149,WHISKEY YANKEE INDIA,RASPBERRY,5,11,1364,0,1,0,1,0.25,2,20,0,,,
qwen2.5:3b,5,non-ordered,math_bench_3,direct,True,1.0,20,13149,WHISKEY YANKEE INDIA,RASPBERRY,5,11,108,0,1,0,,0.25,0,20,0,,,
qwen2.5:3b,5,non-ordered,math_bench_4,cot,True,1.0,20,13149,WHISKEY YANKEE INDIA,RASPBERRY,5,11,1778,0,1,0,1,0.0,5,20,0,,,
qwen2.5:3b,5,non-ordered,math_bench_4,direct,True,1.0,20,13149,WHISKEY YANKEE INDIA,RASPBERRY,5,11,116,0,1,0,,0.0,0,20,0,,,
qwen2.5:3b,5,non-ordered,trivial,cot,True,1.0,20,14114,ROMEO BRAVO LIMA,CACTUS,5,13,438,0,1,1,1,0.75,20,20,1,,,
qwen2.5:3b,5,non-ordered,trivial,direct,True,1.0,20,14114,ROMEO BRAVO LIMA,CACTUS,5,13,116,0,1,1,,1.0,20,20,0,,,
qwen2.5:3b,5,non-ordered,math_bench_2,cot,True,1.0,20,14149,HOTEL DELTA UNIFORM,UMBRELLA,5,15,962,0,1,1,1,0.25,20,20,0,,,
qwen2.5:3b,5,non-ordered,math_bench_2,direct,True,1.0,20,14149,HOTEL DELTA UNIFORM,UMBRELLA,5,15,115,0,1,1,,0.0,20,20,0,,,
qwen2.5:3b,5,non-ordered,math_bench_3,cot,True,1.0,20,14149,HOTEL DELTA UNIFORM,UMBRELLA,5,15,772,0,1,1,1,0.5,20,20,0,,,
qwen2.5:3b,5,non-ordered,math_bench_3,direct,True,1.0,20,14149,HOTEL DELTA UNIFORM,UMBRELLA,5,15,106,0,1,1,,0.25,20,20,0,,,
qwen2.5:3b,5,non-ordered,math_bench_4,cot,True,1.0,20,14149,HOTEL DELTA UNIFORM,UMBRELLA,5,15,1639,0,1,0,0,0.25,0,20,0,,,
qwen2.5:3b,5,non-ordered,math_bench_4,direct,True,1.0,20,14149,HOTEL DELTA UNIFORM,UMBRELLA,5,15,145,0,1,1,,0.0,20,20,0,,,
qwen2.5:3b,5,non-ordered,trivial,cot,True,1.0,20,15114,BRAVO GOLF ALPHA,ANCHOVY,5,14,474,0,1,1,1,0.5,20,20,0,,,
qwen2.5:3b,5,non-ordered,trivial,direct,True,1.0,20,15114,BRAVO GOLF ALPHA,ANCHOVY,5,14,219,0,1,1,,1.0,20,20,0,,,
qwen2.5:3b,5,non-ordered,math_bench_2,cot,True,1.0,20,15149,OSCAR ECHO ZULU,YOGURT,5,12,686,0,1,1,1,0.25,18,20,0,,,
qwen2.5:3b,5,non-ordered,math_bench_2,direct,True,1.0,20,15149,OSCAR ECHO ZULU,YOGURT,5,12,158,0,1,1,,0.5,20,20,0,,,
qwen2.5:3b,5,non-ordered,math_bench_3,cot,True,1.0,20,15149,OSCAR ECHO ZULU,YOGURT,5,12,1549,0,1,0,0,0.0,13,20,0,,,
qwen2.5:3b,5,non-ordered,math_bench_3,direct,True,1.0,20,15149,OSCAR ECHO ZULU,YOGURT,5,12,103,0,1,1,,0.25,20,20,0,,,
qwen2.5:3b,5,non-ordered,math_bench_4,cot,True,1.0,20,15149,OSCAR ECHO ZULU,YOGURT,5,12,813,0,0,0,1,0.5,,,,,,
qwen2.5:3b,5,non-ordered,math_bench_4,direct,True,1.0,20,15149,OSCAR ECHO ZULU,YOGURT,5,12,119,0,1,1,,0.0,20,20,0,,,
qwen2.5:3b,5,non-ordered,trivial,cot,True,1.0,20,16114,LIMA DELTA JULIET,JIGSAW,5,15,603,0,1,1,1,1.0,20,20,1,,,
qwen2.5:3b,5,non-ordered,trivial,direct,True,1.0,20,16114,LIMA DELTA JULIET,JIGSAW,5,15,218,0,1,1,,1.0,20,20,0,,,
qwen2.5:3b,5,non-ordered,math_bench_2,cot,True,1.0,20,16149,YANKEE HOTEL INDIA,YACHT,5,13,1489,0,1,0,1,0.25,0,20,0,,,
qwen2.5:3b,5,non-ordered,math_bench_2,direct,True,1.0,20,16149,YANKEE HOTEL INDIA,YACHT,5,13,104,0,1,1,,0.0,20,20,0,,,
qwen2.5:3b,5,non-ordered,math_bench_3,cot,True,1.0,20,16149,YANKEE HOTEL INDIA,YACHT,5,13,1769,0,1,0,0,0.5,0,20,0,,,
qwen2.5:3b,5,non-ordered,math_bench_3,direct,True,1.0,20,16149,YANKEE HOTEL INDIA,YACHT,5,13,118,0,1,1,,0.25,20,20,0,,,
qwen2.5:3b,5,non-ordered,math_bench_4,cot,True,1.0,20,16149,YANKEE HOTEL INDIA,YACHT,5,13,1651,0,1,1,0,0.0,13,20,0,,,
qwen2.5:3b,5,non-ordered,math_bench_4,direct,True,1.0,20,16149,YANKEE HOTEL INDIA,YACHT,5,13,106,0,1,1,,0.0,20,20,0,,,
qwen2.5:3b,5,non-ordered,trivial,cot,True,1.0,20,17114,GOLF BRAVO MIKE,CENTIPEDE,5,14,473,0,1,1,1,0.75,20,20,0,,,
qwen2.5:3b,5,non-ordered,trivial,direct,True,1.0,20,17114,GOLF BRAVO MIKE,CENTIPEDE,5,14,223,0,1,1,,1.0,20,20,0,,,
qwen2.5:3b,5,non-ordered,math_bench_2,cot,True,1.0,20,17149,JULIET NOVEMBER WHISKEY,DOLPHIN,5,14,1503,0,1,1,1,0.5,14,20,0,,,
qwen2.5:3b,5,non-ordered,math_bench_2,direct,True,1.0,20,17149,JULIET NOVEMBER WHISKEY,DOLPHIN,5,14,130,0,1,1,,0.0,18,20,0,,,
qwen2.5:3b,5,non-ordered,math_bench_3,cot,True,1.0,20,17149,JULIET NOVEMBER WHISKEY,DOLPHIN,5,14,945,0,1,0,0,0.0,0,20,1,,,
qwen2.5:3b,5,non-ordered,math_bench_3,direct,True,1.0,20,17149,JULIET NOVEMBER WHISKEY,DOLPHIN,5,14,168,0,1,0,,0.0,17,20,0,,,
qwen2.5:3b,5,non-ordered,math_bench_4,cot,True,1.0,20,17149,JULIET NOVEMBER WHISKEY,DOLPHIN,5,14,1237,0,1,1,1,0.5,20,20,0,,,
qwen2.5:3b,5,non-ordered,math_bench_4,direct,True,1.0,20,17149,JULIET NOVEMBER WHISKEY,DOLPHIN,5,14,84,0,1,0,,0.0,14,20,0,,,
qwen2.5:3b,5,non-ordered,trivial,cot,True,1.0,20,18114,ALPHA ZULU CHARLIE,INKWELL,5,14,531,0,1,1,1,0.75,19,20,0,,,
qwen2.5:3b,5,non-ordered,trivial,direct,True,1.0,20,18114,ALPHA ZULU CHARLIE,INKWELL,5,14,171,0,1,1,,1.0,12,20,0,,,
qwen2.5:3b,5,non-ordered,math_bench_2,cot,True,1.0,20,18149,ALPHA OSCAR FOXTROT,OPAL,5,14,1441,0,1,1,1,0.5,20,20,0,,,
qwen2.5:3b,5,non-ordered,math_bench_2,direct,True,1.0,20,18149,ALPHA OSCAR FOXTROT,OPAL,5,14,106,0,1,1,,0.0,20,20,0,,,
qwen2.5:3b,5,non-ordered,math_bench_3,cot,True,1.0,20,18149,ALPHA OSCAR FOXTROT,OPAL,5,14,1329,0,1,1,1,0.25,5,20,0,,,
qwen2.5:3b,5,non-ordered,math_bench_3,direct,True,1.0,20,18149,ALPHA OSCAR FOXTROT,OPAL,5,14,105,0,1,1,,0.0,15,20,0,,,
qwen2.5:3b,5,non-ordered,math_bench_4,cot,True,1.0,20,18149,ALPHA OSCAR FOXTROT,OPAL,5,14,2134,0,1,0,1,0.75,0,20,0,,,
qwen2.5:3b,5,non-ordered,math_bench_4,direct,True,1.0,20,18149,ALPHA OSCAR FOXTROT,OPAL,5,14,156,0,1,1,,0.0,15,20,0,,,
qwen2.5:3b,5,non-ordered,trivial,cot,True,1.0,20,19114,TANGO MIKE YANKEE,GONDOLA,5,14,327,0,1,1,0,1.0,20,20,0,,,
qwen2.5:3b,5,non-ordered,trivial,direct,True,1.0,20,19114,TANGO MIKE YANKEE,GONDOLA,5,14,202,0,1,1,,1.0,20,20,0,,,
qwen2.5:3b,5,non-ordered,math_bench_2,cot,True,1.0,20,19149,VICTOR ZULU UNIFORM,VOLCANO,5,8,933,0,1,1,1,0.25,20,20,0,,,
qwen2.5:3b,5,non-ordered,math_bench_2,direct,True,1.0,20,19149,VICTOR ZULU UNIFORM,VOLCANO,5,8,221,0,1,1,,0.0,20,20,0,,,
qwen2.5:3b,5,non-ordered,math_bench_3,cot,True,1.0,20,19149,VICTOR ZULU UNIFORM,VOLCANO,5,8,616,0,1,0,0,0.75,3,20,0,,,
qwen2.5:3b,5,non-ordered,math_bench_3,direct,True,1.0,20,19149,VICTOR ZULU UNIFORM,VOLCANO,5,8,162,0,1,1,,0.0,20,20,0,,,
qwen2.5:3b,5,non-ordered,math_bench_4,cot,True,1.0,20,19149,VICTOR ZULU UNIFORM,VOLCANO,5,8,1874,0,1,1,1,0.25,20,20,0,,,
qwen2.5:3b,5,non-ordered,math_bench_4,direct,True,1.0,20,19149,VICTOR ZULU UNIFORM,VOLCANO,5,8,110,0,1,1,,0.25,20,20,0,,,
qwen2.5:3b,5,non-ordered,trivial,cot,True,1.0,20,20114,WHISKEY FOXTROT NOVEMBER,GLACIER,5,12,509,0,1,1,1,0.5,20,20,1,,,
qwen2.5:3b,5,non-ordered,trivial,direct,True,1.0,20,20114,WHISKEY FOXTROT NOVEMBER,GLACIER,5,12,143,0,1,1,,1.0,20,20,0,,,
qwen2.5:3b,5,non-ordered,math_bench_2,cot,True,1.0,20,20149,QUEBEC KILO WHISKEY,ABACUS,5,15,351,0,0,0,0,0.25,,,,,,
qwen2.5:3b,5,non-ordered,math_bench_2,direct,True,1.0,20,20149,QUEBEC KILO WHISKEY,ABACUS,5,15,80,0,1,0,,0.25,2,20,0,,,
qwen2.5:3b,5,non-ordered,math_bench_3,cot,True,1.0,20,20149,QUEBEC KILO WHISKEY,ABACUS,5,15,1154,0,1,1,1,0.0,20,20,0,,,
qwen2.5:3b,5,non-ordered,math_bench_3,direct,True,1.0,20,20149,QUEBEC KILO WHISKEY,ABACUS,5,15,80,0,1,0,,0.0,5,20,0,,,
qwen2.5:3b,5,non-ordered,math_bench_4,cot,True,1.0,20,20149,QUEBEC KILO WHISKEY,ABACUS,5,15,2171,0,0,1,1,0.0,,,,,,
qwen2.5:3b,5,non-ordered,math_bench_4,direct,True,1.0,20,20149,QUEBEC KILO WHISKEY,ABACUS,5,15,79,0,1,0,,0.0,0,20,0,,,
qwen2.5:3b,5,non-ordered,trivial,cot,True,1.0,20,21114,BRAVO GOLF LIMA,ZUCCHINI,5,13,607,0,1,1,1,1.0,20,20,1,,,
qwen2.5:3b,5,non-ordered,trivial,direct,True,1.0,20,21114,BRAVO GOLF LIMA,ZUCCHINI,5,13,150,0,1,1,,1.0,20,20,0,,,
qwen2.5:3b,5,non-ordered,math_bench_2,cot,True,1.0,20,21149,UNIFORM JULIET CHARLIE,OPAL,5,12,1700,0,1,1,1,0.25,20,20,0,,,
qwen2.5:3b,5,non-ordered,math_bench_2,direct,True,1.0,20,21149,UNIFORM JULIET CHARLIE,OPAL,5,12,113,0,1,1,,0.0,20,20,0,,,
qwen2.5:3b,5,non-ordered,math_bench_3,cot,True,1.0,20,21149,UNIFORM JULIET CHARLIE,OPAL,5,12,1351,0,1,1,1,0.75,20,20,0,,,
qwen2.5:3b,5,non-ordered,math_bench_3,direct,True,1.0,20,21149,UNIFORM JULIET CHARLIE,OPAL,5,12,111,0,1,1,,0.25,20,20,0,,,
qwen2.5:3b,5,non-ordered,math_bench_4,cot,True,1.0,20,21149,UNIFORM JULIET CHARLIE,OPAL,5,12,1209,0,1,1,1,0.0,18,20,0,,,
qwen2.5:3b,5,non-ordered,math_bench_4,direct,True,1.0,20,21149,UNIFORM JULIET CHARLIE,OPAL,5,12,110,0,1,1,,0.0,20,20,0,,,
qwen2.5:3b,5,non-ordered,trivial,cot,True,1.0,20,22114,GOLF MIKE WHISKEY,RHUBARB,5,12,316,0,1,1,1,0.5,20,20,0,,,
qwen2.5:3b,5,non-ordered,trivial,direct,True,1.0,20,22114,GOLF MIKE WHISKEY,RHUBARB,5,12,198,0,1,1,,1.0,20,20,0,,,
qwen2.5:3b,5,non-ordered,math_bench_2,cot,True,1.0,20,22149,PAPA UNIFORM INDIA,QUARRY,5,14,740,0,1,1,1,0.5,20,20,0,,,
qwen2.5:3b,5,non-ordered,math_bench_2,direct,True,1.0,20,22149,PAPA UNIFORM INDIA,QUARRY,5,14,108,0,1,1,,0.25,20,20,0,,,
qwen2.5:3b,5,non-ordered,math_bench_3,cot,True,1.0,20,22149,PAPA UNIFORM INDIA,QUARRY,5,14,1862,0,1,0,1,0.25,11,20,0,,,
qwen2.5:3b,5,non-ordered,math_bench_3,direct,True,1.0,20,22149,PAPA UNIFORM INDIA,QUARRY,5,14,320,0,1,1,,0.0,20,20,0,,,
qwen2.5:3b,5,non-ordered,math_bench_4,cot,True,1.0,20,22149,PAPA UNIFORM INDIA,QUARRY,5,14,1595,0,1,1,1,0.25,20,20,0,,,
qwen2.5:3b,5,non-ordered,math_bench_4,direct,True,1.0,20,22149,PAPA UNIFORM INDIA,QUARRY,5,14,108,0,1,1,,0.0,20,20,0,,,
qwen2.5:3b,5,non-ordered,trivial,cot,True,1.0,20,23114,KILO ALPHA VICTOR,QUIVER,5,10,408,0,1,1,1,1.0,20,20,0,,,
qwen2.5:3b,5,non-ordered,trivial,direct,True,1.0,20,23114,KILO ALPHA VICTOR,QUIVER,5,10,136,0,1,1,,1.0,20,20,0,,,
qwen2.5:3b,5,non-ordered,math_bench_2,cot,True,1.0,20,23149,OSCAR UNIFORM PAPA,CATAPULT,5,9,1446,0,1,1,1,0.5,8,20,0,,,
qwen2.5:3b,5,non-ordered,math_bench_2,direct,True,1.0,20,23149,OSCAR UNIFORM PAPA,CATAPULT,5,9,110,0,1,0,,0.25,3,20,0,,,
qwen2.5:3b,5,non-ordered,math_bench_3,cot,True,1.0,20,23149,OSCAR UNIFORM PAPA,CATAPULT,5,9,1063,0,1,1,0,0.0,5,20,0,,,
qwen2.5:3b,5,non-ordered,math_bench_3,direct,True,1.0,20,23149,OSCAR UNIFORM PAPA,CATAPULT,5,9,113,0,1,1,,0.0,15,20,0,,,
qwen2.5:3b,5,non-ordered,math_bench_4,cot,True,1.0,20,23149,OSCAR UNIFORM PAPA,CATAPULT,5,9,1227,0,1,1,1,0.25,16,20,0,,,
qwen2.5:3b,5,non-ordered,math_bench_4,direct,True,1.0,20,23149,OSCAR UNIFORM PAPA,CATAPULT,5,9,205,0,1,1,,0.0,13,20,0,,,
qwen2.5:3b,5,non-ordered,trivial,cot,True,1.0,20,24114,WHISKEY UNIFORM ECHO,QUARRY,5,14,548,0,1,1,1,0.5,20,20,0,,,
qwen2.5:3b,5,non-ordered,trivial,direct,True,1.0,20,24114,WHISKEY UNIFORM ECHO,QUARRY,5,14,204,0,1,1,,0.75,20,20,0,,,
qwen2.5:3b,5,non-ordered,math_bench_2,cot,True,1.0,20,24149,INDIA VICTOR HOTEL,VULTURE,5,10,1804,0,1,1,1,0.25,20,20,0,,,
qwen2.5:3b,5,non-ordered,math_bench_2,direct,True,1.0,20,24149,INDIA VICTOR HOTEL,VULTURE,5,10,106,0,1,1,,0.25,20,20,0,,,
qwen2.5:3b,5,non-ordered,math_bench_3,cot,True,1.0,20,24149,INDIA VICTOR HOTEL,VULTURE,5,10,1394,0,1,0,1,0.25,14,20,0,,,
qwen2.5:3b,5,non-ordered,math_bench_3,direct,True,1.0,20,24149,INDIA VICTOR HOTEL,VULTURE,5,10,113,0,1,1,,0.0,20,20,0,,,
qwen2.5:3b,5,non-ordered,math_bench_4,cot,True,1.0,20,24149,INDIA VICTOR HOTEL,VULTURE,5,10,1771,0,1,1,1,0.0,19,20,0,,,
qwen2.5:3b,5,non-ordered,math_bench_4,direct,True,1.0,20,24149,INDIA VICTOR HOTEL,VULTURE,5,10,107,0,1,1,,0.0,20,20,0,,,
qwen2.5:3b,5,non-ordered,trivial,cot,True,1.0,20,25114,HOTEL ROMEO NOVEMBER,KUMQUAT,5,11,557,0,1,1,1,0.75,20,20,0,,,
qwen2.5:3b,5,non-ordered,trivial,direct,True,1.0,20,25114,HOTEL ROMEO NOVEMBER,KUMQUAT,5,11,136,0,1,1,,1.0,20,20,0,,,
qwen2.5:3b,5,non-ordered,math_bench_2,cot,True,1.0,20,25149,ZULU DELTA ALPHA,TROMBONE,5,15,1310,0,1,1,1,0.75,20,20,0,,,
qwen2.5:3b,5,non-ordered,math_bench_2,direct,True,1.0,20,25149,ZULU DELTA ALPHA,TROMBONE,5,15,196,0,1,1,,0.0,20,20,0,,,
qwen2.5:3b,5,non-ordered,math_bench_3,cot,True,1.0,20,25149,ZULU DELTA ALPHA,TROMBONE,5,15,714,0,1,0,0,0.25,0,20,1,,,
qwen2.5:3b,5,non-ordered,math_bench_3,direct,True,1.0,20,25149,ZULU DELTA ALPHA,TROMBONE,5,15,110,0,1,1,,0.0,20,20,0,,,
qwen2.5:3b,5,non-ordered,math_bench_4,cot,True,1.0,20,25149,ZULU DELTA ALPHA,TROMBONE,5,15,795,0,1,1,1,0.0,20,20,0,,,
qwen2.5:3b,5,non-ordered,math_bench_4,direct,True,1.0,20,25149,ZULU DELTA ALPHA,TROMBONE,5,15,108,0,1,1,,0.0,20,20,0,,,
qwen2.5:3b,5,non-ordered,trivial,cot,True,1.0,20,26114,BRAVO JULIET XRAY,EMERALD,5,15,465,0,1,1,1,0.75,20,20,1,,,
qwen2.5:3b,5,non-ordered,trivial,direct,True,1.0,20,26114,BRAVO JULIET XRAY,EMERALD,5,15,221,0,1,1,,1.0,20,20,0,,,
qwen2.5:3b,5,non-ordered,math_bench_2,cot,True,1.0,20,26149,CHARLIE ZULU TANGO,QUARRY,5,14,768,0,1,1,1,0.25,20,20,1,,,
qwen2.5:3b,5,non-ordered,math_bench_2,direct,True,1.0,20,26149,CHARLIE ZULU TANGO,QUARRY,5,14,127,0,1,1,,0.25,20,20,0,,,
qwen2.5:3b,5,non-ordered,math_bench_3,cot,True,1.0,20,26149,CHARLIE ZULU TANGO,QUARRY,5,14,1111,0,1,1,1,0.0,20,20,0,,,
qwen2.5:3b,5,non-ordered,math_bench_3,direct,True,1.0,20,26149,CHARLIE ZULU TANGO,QUARRY,5,14,130,0,1,1,,0.25,19,20,0,,,
qwen2.5:3b,5,non-ordered,math_bench_4,cot,True,1.0,20,26149,CHARLIE ZULU TANGO,QUARRY,5,14,1940,0,1,1,1,0.25,11,20,0,,,
qwen2.5:3b,5,non-ordered,math_bench_4,direct,True,1.0,20,26149,CHARLIE ZULU TANGO,QUARRY,5,14,80,0,1,0,,0.0,9,20,0,,,
qwen2.5:3b,5,non-ordered,trivial,cot,True,1.0,20,27114,VICTOR XRAY LIMA,LANTERN,5,14,501,0,1,1,1,0.75,20,20,0,,,
qwen2.5:3b,5,non-ordered,trivial,direct,True,1.0,20,27114,VICTOR XRAY LIMA,LANTERN,5,14,189,0,1,1,,1.0,20,20,0,,,
qwen2.5:3b,5,non-ordered,math_bench_2,cot,True,1.0,20,27149,GOLF XRAY TANGO,ALMOND,5,10,1318,0,1,0,0,0.0,6,20,0,,,
qwen2.5:3b,5,non-ordered,math_bench_2,direct,True,1.0,20,27149,GOLF XRAY TANGO,ALMOND,5,10,106,0,1,1,,0.0,20,20,0,,,
qwen2.5:3b,5,non-ordered,math_bench_3,cot,True,1.0,20,27149,GOLF XRAY TANGO,ALMOND,5,10,843,0,1,1,0,0.25,20,20,0,,,
qwen2.5:3b,5,non-ordered,math_bench_3,direct,True,1.0,20,27149,GOLF XRAY TANGO,ALMOND,5,10,123,0,1,1,,0.0,20,20,0,,,
qwen2.5:3b,5,non-ordered,math_bench_4,cot,True,1.0,20,27149,GOLF XRAY TANGO,ALMOND,5,10,1081,0,1,1,1,0.25,20,20,0,,,
qwen2.5:3b,5,non-ordered,math_bench_4,direct,True,1.0,20,27149,GOLF XRAY TANGO,ALMOND,5,10,171,0,1,1,,0.0,20,20,0,,,
qwen2.5:3b,5,non-ordered,trivial,cot,True,1.0,20,28114,DELTA MIKE JULIET,EMERALD,5,14,742,0,1,1,1,0.75,20,20,0,,,
qwen2.5:3b,5,non-ordered,trivial,direct,True,1.0,20,28114,DELTA MIKE JULIET,EMERALD,5,14,220,0,1,1,,1.0,20,20,0,,,
qwen2.5:3b,5,non-ordered,math_bench_2,cot,True,1.0,20,28149,FOXTROT NOVEMBER JULIET,JASMINE,5,13,1462,0,0,1,1,0.5,,,,,,
qwen2.5:3b,5,non-ordered,math_bench_2,direct,True,1.0,20,28149,FOXTROT NOVEMBER JULIET,JASMINE,5,13,118,0,1,1,,0.0,20,20,0,,,
qwen2.5:3b,5,non-ordered,math_bench_3,cot,True,1.0,20,28149,FOXTROT NOVEMBER JULIET,JASMINE,5,13,1668,0,1,0,0,0.5,0,20,0,,,
qwen2.5:3b,5,non-ordered,math_bench_3,direct,True,1.0,20,28149,FOXTROT NOVEMBER JULIET,JASMINE,5,13,127,0,1,1,,0.0,20,20,0,,,
qwen2.5:3b,5,non-ordered,math_bench_4,cot,True,1.0,20,28149,FOXTROT NOVEMBER JULIET,JASMINE,5,13,1893,0,1,0,0,0.5,0,20,0,,,
qwen2.5:3b,5,non-ordered,math_bench_4,direct,True,1.0,20,28149,FOXTROT NOVEMBER JULIET,JASMINE,5,13,115,0,1,1,,0.0,20,20,0,,,
qwen2.5:3b,5,non-ordered,trivial,cot,True,1.0,20,29114,BRAVO HOTEL JULIET,IGLOO,5,14,604,0,1,1,1,1.0,20,20,1,,,
qwen2.5:3b,5,non-ordered,trivial,direct,True,1.0,20,29114,BRAVO HOTEL JULIET,IGLOO,5,14,167,0,1,1,,1.0,20,20,0,,,
qwen2.5:3b,5,non-ordered,math_bench_2,cot,True,1.0,20,29149,BRAVO KILO WHISKEY,WALNUT,5,15,691,0,1,1,1,0.5,16,20,0,,,
qwen2.5:3b,5,non-ordered,math_bench_2,direct,True,1.0,20,29149,BRAVO KILO WHISKEY,WALNUT,5,15,114,0,1,1,,0.0,20,20,0,,,
qwen2.5:3b,5,non-ordered,math_bench_3,cot,True,1.0,20,29149,BRAVO KILO WHISKEY,WALNUT,5,15,1064,0,1,0,0,0.0,4,20,0,,,
qwen2.5:3b,5,non-ordered,math_bench_3,direct,True,1.0,20,29149,BRAVO KILO WHISKEY,WALNUT,5,15,109,0,1,1,,0.0,20,20,0,,,
qwen2.5:3b,5,non-ordered,math_bench_4,cot,True,1.0,20,29149,BRAVO KILO WHISKEY,WALNUT,5,15,1249,0,1,1,1,0.5,20,20,0,,,
qwen2.5:3b,5,non-ordered,math_bench_4,direct,True,1.0,20,29149,BRAVO KILO WHISKEY,WALNUT,5,15,194,0,1,1,,0.25,20,20,0,,,
qwen2.5:3b,5,non-ordered,trivial,cot,True,1.0,20,30114,LIMA VICTOR UNIFORM,BLIZZARD,5,13,481,0,1,1,1,0.5,20,20,0,,,
qwen2.5:3b,5,non-ordered,trivial,direct,True,1.0,20,30114,LIMA VICTOR UNIFORM,BLIZZARD,5,13,221,0,1,1,,1.0,20,20,0,,,
qwen2.5:3b,5,non-ordered,math_bench_2,cot,True,1.0,20,30149,WHISKEY ZULU HOTEL,LANTERN,5,15,320,0,1,1,0,0.0,19,20,0,,,
qwen2.5:3b,5,non-ordered,math_bench_2,direct,True,1.0,20,30149,WHISKEY ZULU HOTEL,LANTERN,5,15,115,0,1,1,,0.0,20,20,0,,,
qwen2.5:3b,5,non-ordered,math_bench_3,cot,True,1.0,20,30149,WHISKEY ZULU HOTEL,LANTERN,5,15,767,0,1,1,1,0.0,20,20,0,,,
qwen2.5:3b,5,non-ordered,math_bench_3,direct,True,1.0,20,30149,WHISKEY ZULU HOTEL,LANTERN,5,15,116,0,1,1,,0.0,20,20,0,,,
qwen2.5:3b,5,non-ordered,math_bench_4,cot,True,1.0,20,30149,WHISKEY ZULU HOTEL,LANTERN,5,15,1944,0,1,1,1,0.0,18,20,0,,,
qwen2.5:3b,5,non-ordered,math_bench_4,direct,True,1.0,20,30149,WHISKEY ZULU HOTEL,LANTERN,5,15,117,0,1,1,,0.0,20,20,0,,,
qwen2.5:3b,5,non-ordered,trivial,cot,True,1.0,20,31114,CHARLIE QUEBEC KILO,ICEBERG,5,14,581,0,1,1,1,0.5,20,20,1,,,
qwen2.5:3b,5,non-ordered,trivial,direct,True,1.0,20,31114,CHARLIE QUEBEC KILO,ICEBERG,5,14,222,0,1,1,,1.0,20,20,0,,,
qwen2.5:3b,5,non-ordered,math_bench_2,cot,True,1.0,20,31149,JULIET LIMA UNIFORM,WALRUS,5,14,1412,0,1,1,1,0.5,20,20,0,,,
qwen2.5:3b,5,non-ordered,math_bench_2,direct,True,1.0,20,31149,JULIET LIMA UNIFORM,WALRUS,5,14,110,0,1,1,,0.0,20,20,0,,,
qwen2.5:3b,5,non-ordered,math_bench_3,cot,True,1.0,20,31149,JULIET LIMA UNIFORM,WALRUS,5,14,1181,0,1,0,0,0.25,0,20,0,,,
qwen2.5:3b,5,non-ordered,math_bench_3,direct,True,1.0,20,31149,JULIET LIMA UNIFORM,WALRUS,5,14,113,0,1,1,,0.0,20,20,0,,,
qwen2.5:3b,5,non-ordered,math_bench_4,cot,True,1.0,20,31149,JULIET LIMA UNIFORM,WALRUS,5,14,1311,0,1,1,1,0.5,20,20,0,,,
qwen2.5:3b,5,non-ordered,math_bench_4,direct,True,1.0,20,31149,JULIET LIMA UNIFORM,WALRUS,5,14,235,0,1,1,,0.0,20,20,0,,,
qwen2.5:3b,5,non-ordered,trivial,cot,True,1.0,20,32114,TANGO ZULU DELTA,ZEPPELIN,5,15,766,0,1,1,1,1.0,20,20,0,,,
qwen2.5:3b,5,non-ordered,trivial,direct,True,1.0,20,32114,TANGO ZULU DELTA,ZEPPELIN,5,15,220,0,1,1,,1.0,20,20,0,,,
qwen2.5:3b,5,non-ordered,math_bench_2,cot,True,1.0,20,32149,XRAY CHARLIE GOLF,EMERALD,5,12,460,0,1,0,0,0.25,0,20,1,,,
qwen2.5:3b,5,non-ordered,math_bench_2,direct,True,1.0,20,32149,XRAY CHARLIE GOLF,EMERALD,5,12,107,0,1,1,,0.0,20,20,0,,,
qwen2.5:3b,5,non-ordered,math_bench_3,cot,True,1.0,20,32149,XRAY CHARLIE GOLF,EMERALD,5,12,1373,0,1,0,1,0.5,4,20,0,,,
qwen2.5:3b,5,non-ordered,math_bench_3,direct,True,1.0,20,32149,XRAY CHARLIE GOLF,EMERALD,5,12,90,0,1,1,,0.0,20,20,0,,,
qwen2.5:3b,5,non-ordered,math_bench_4,cot,True,1.0,20,32149,XRAY CHARLIE GOLF,EMERALD,5,12,1586,0,1,0,0,0.25,2,20,0,,,
qwen2.5:3b,5,non-ordered,math_bench_4,direct,True,1.0,20,32149,XRAY CHARLIE GOLF,EMERALD,5,12,174,0,1,1,,0.25,20,20,0,,,
qwen2.5:3b,5,non-ordered,trivial,cot,True,1.0,20,33114,INDIA OSCAR JULIET,VOLCANO,5,13,482,0,1,1,1,0.75,20,20,1,,,
qwen2.5:3b,5,non-ordered,trivial,direct,True,1.0,20,33114,INDIA OSCAR JULIET,VOLCANO,5,13,197,0,1,1,,0.75,19,20,0,,,
qwen2.5:3b,5,non-ordered,math_bench_2,cot,True,1.0,20,33149,MIKE SIERRA XRAY,FLAMINGO,5,8,652,0,1,1,0,0.75,20,20,0,,,
qwen2.5:3b,5,non-ordered,math_bench_2,direct,True,1.0,20,33149,MIKE SIERRA XRAY,FLAMINGO,5,8,126,0,1,1,,0.0,20,20,0,,,
qwen2.5:3b,5,non-ordered,math_bench_3,cot,True,1.0,20,33149,MIKE SIERRA XRAY,FLAMINGO,5,8,1018,0,1,0,0,0.75,0,20,0,,,
qwen2.5:3b,5,non-ordered,math_bench_3,direct,True,1.0,20,33149,MIKE SIERRA XRAY,FLAMINGO,5,8,107,0,1,1,,0.5,20,20,0,,,
qwen2.5:3b,5,non-ordered,math_bench_4,cot,True,1.0,20,33149,MIKE SIERRA XRAY,FLAMINGO,5,8,1363,0,1,1,1,0.0,20,20,0,,,
qwen2.5:3b,5,non-ordered,math_bench_4,direct,True,1.0,20,33149,MIKE SIERRA XRAY,FLAMINGO,5,8,170,0,1,1,,0.0,20,20,0,,,
qwen2.5:3b,5,non-ordered,trivial,cot,True,1.0,20,34114,JULIET XRAY NOVEMBER,ALMOND,5,12,496,0,1,1,1,1.0,20,20,1,,,
qwen2.5:3b,5,non-ordered,trivial,direct,True,1.0,20,34114,JULIET XRAY NOVEMBER,ALMOND,5,12,120,0,1,1,,1.0,20,20,0,,,
qwen2.5:3b,5,non-ordered,math_bench_2,cot,True,1.0,20,34149,CHARLIE JULIET BRAVO,WATERMELON,5,13,764,0,1,1,1,0.0,20,20,0,,,
qwen2.5:3b,5,non-ordered,math_bench_2,direct,True,1.0,20,34149,CHARLIE JULIET BRAVO,WATERMELON,5,13,114,0,1,1,,0.25,20,20,0,,,
qwen2.5:3b,5,non-ordered,math_bench_3,cot,True,1.0,20,34149,CHARLIE JULIET BRAVO,WATERMELON,5,13,1378,0,1,1,1,0.5,20,20,0,,,
qwen2.5:3b,5,non-ordered,math_bench_3,direct,True,1.0,20,34149,CHARLIE JULIET BRAVO,WATERMELON,5,13,119,0,1,1,,0.0,20,20,0,,,
qwen2.5:3b,5,non-ordered,math_bench_4,cot,True,1.0,20,34149,CHARLIE JULIET BRAVO,WATERMELON,5,13,1534,0,1,1,1,0.0,20,20,0,,,
qwen2.5:3b,5,non-ordered,math_bench_4,direct,True,1.0,20,34149,CHARLIE JULIET BRAVO,WATERMELON,5,13,128,0,1,1,,0.0,20,20,0,,,
qwen2.5:3b,5,non-ordered,trivial,cot,True,1.0,20,35114,TANGO NOVEMBER WHISKEY,SCARECROW,5,14,861,0,1,1,1,0.5,20,20,0,,,
qwen2.5:3b,5,non-ordered,trivial,direct,True,1.0,20,35114,TANGO NOVEMBER WHISKEY,SCARECROW,5,14,125,0,1,1,,1.0,20,20,0,,,
qwen2.5:3b,5,non-ordered,math_bench_2,cot,True,1.0,20,35149,MIKE YANKEE ROMEO,NUTMEG,5,15,1441,0,1,1,1,0.5,20,20,0,,,
qwen2.5:3b,5,non-ordered,math_bench_2,direct,True,1.0,20,35149,MIKE YANKEE ROMEO,NUTMEG,5,15,112,0,1,1,,0.25,17,20,0,,,
qwen2.5:3b,5,non-ordered,math_bench_3,cot,True,1.0,20,35149,MIKE YANKEE ROMEO,NUTMEG,5,15,1729,0,1,0,0,0.0,3,20,0,,,
qwen2.5:3b,5,non-ordered,math_bench_3,direct,True,1.0,20,35149,MIKE YANKEE ROMEO,NUTMEG,5,15,126,0,1,0,,0.0,3,20,0,,,
qwen2.5:3b,5,non-ordered,math_bench_4,cot,True,1.0,20,35149,MIKE YANKEE ROMEO,NUTMEG,5,15,744,0,1,0,0,0.25,7,20,0,,,
qwen2.5:3b,5,non-ordered,math_bench_4,direct,True,1.0,20,35149,MIKE YANKEE ROMEO,NUTMEG,5,15,109,0,1,1,,0.0,17,20,0,,,
qwen2.5:3b,5,non-ordered,trivial,cot,True,1.0,20,36114,ECHO SIERRA HOTEL,DUMPLING,5,14,320,0,1,0,0,0.5,0,20,0,,,
qwen2.5:3b,5,non-ordered,trivial,direct,True,1.0,20,36114,ECHO SIERRA HOTEL,DUMPLING,5,14,153,0,1,1,,1.0,20,20,0,,,
qwen2.5:3b,5,non-ordered,math_bench_2,cot,True,1.0,20,36149,HOTEL VICTOR ROMEO,KETTLE,5,14,1169,0,1,1,1,0.5,20,20,0,,,
qwen2.5:3b,5,non-ordered,math_bench_2,direct,True,1.0,20,36149,HOTEL VICTOR ROMEO,KETTLE,5,14,684,0,1,1,,0.0,20,20,0,,,
qwen2.5:3b,5,non-ordered,math_bench_3,cot,True,1.0,20,36149,HOTEL VICTOR ROMEO,KETTLE,5,14,1397,0,1,1,1,0.5,20,20,0,,,
qwen2.5:3b,5,non-ordered,math_bench_3,direct,True,1.0,20,36149,HOTEL VICTOR ROMEO,KETTLE,5,14,111,0,1,1,,0.0,20,20,0,,,
qwen2.5:3b,5,non-ordered,math_bench_4,cot,True,1.0,20,36149,HOTEL VICTOR ROMEO,KETTLE,5,14,1422,0,1,1,1,0.5,20,20,0,,,
qwen2.5:3b,5,non-ordered,math_bench_4,direct,True,1.0,20,36149,HOTEL VICTOR ROMEO,KETTLE,5,14,190,0,1,1,,0.0,20,20,0,,,
qwen2.5:3b,5,non-ordered,trivial,cot,True,1.0,20,37114,DELTA TANGO FOXTROT,KETTLE,5,15,1392,0,1,1,1,1.0,20,20,0,,,
qwen2.5:3b,5,non-ordered,trivial,direct,True,1.0,20,37114,DELTA TANGO FOXTROT,KETTLE,5,15,207,0,1,1,,1.0,20,20,0,,,
qwen2.5:3b,5,non-ordered,math_bench_2,cot,True,1.0,20,37149,HOTEL MIKE GOLF,ESPRESSO,5,15,1363,0,1,0,0,0.25,6,20,0,,,
qwen2.5:3b,5,non-ordered,math_bench_2,direct,True,1.0,20,37149,HOTEL MIKE GOLF,ESPRESSO,5,15,142,0,1,1,,0.5,20,20,0,,,
qwen2.5:3b,5,non-ordered,math_bench_3,cot,True,1.0,20,37149,HOTEL MIKE GOLF,ESPRESSO,5,15,603,0,1,0,0,0.0,0,20,0,,,
qwen2.5:3b,5,non-ordered,math_bench_3,direct,True,1.0,20,37149,HOTEL MIKE GOLF,ESPRESSO,5,15,89,0,1,1,,0.0,20,20,0,,,
qwen2.5:3b,5,non-ordered,math_bench_4,cot,True,1.0,20,37149,HOTEL MIKE GOLF,ESPRESSO,5,15,431,0,1,1,1,0.0,20,20,0,,,
qwen2.5:3b,5,non-ordered,math_bench_4,direct,True,1.0,20,37149,HOTEL MIKE GOLF,ESPRESSO,5,15,98,0,1,1,,0.0,14,20,0,,,
qwen2.5:3b,5,non-ordered,trivial,cot,True,1.0,20,38114,FOXTROT OSCAR GOLF,OBELISK,5,12,1151,0,1,1,1,1.0,20,20,0,,,
qwen2.5:3b,5,non-ordered,trivial,direct,True,1.0,20,38114,FOXTROT OSCAR GOLF,OBELISK,5,12,229,0,1,1,,1.0,20,20,0,,,
qwen2.5:3b,5,non-ordered,math_bench_2,cot,True,1.0,20,38149,CHARLIE ROMEO OSCAR,KAYAK,5,11,1631,0,1,0,0,0.5,0,20,0,,,
qwen2.5:3b,5,non-ordered,math_bench_2,direct,True,1.0,20,38149,CHARLIE ROMEO OSCAR,KAYAK,5,11,217,0,1,1,,0.0,20,20,0,,,
qwen2.5:3b,5,non-ordered,math_bench_3,cot,True,1.0,20,38149,CHARLIE ROMEO OSCAR,KAYAK,5,11,1084,0,1,0,0,0.0,0,20,0,,,
qwen2.5:3b,5,non-ordered,math_bench_3,direct,True,1.0,20,38149,CHARLIE ROMEO OSCAR,KAYAK,5,11,330,0,1,1,,0.0,16,20,0,,,
qwen2.5:3b,5,non-ordered,math_bench_4,cot,True,1.0,20,38149,CHARLIE ROMEO OSCAR,KAYAK,5,11,1054,0,1,1,1,0.75,20,20,0,,,
qwen2.5:3b,5,non-ordered,math_bench_4,direct,True,1.0,20,38149,CHARLIE ROMEO OSCAR,KAYAK,5,11,168,0,1,1,,0.25,20,20,0,,,
qwen2.5:3b,5,non-ordered,trivial,cot,True,1.0,20,39114,ZULU QUEBEC DELTA,RAVIOLI,5,12,253,0,1,1,1,0.25,20,20,1,,,
qwen2.5:3b,5,non-ordered,trivial,direct,True,1.0,20,39114,ZULU QUEBEC DELTA,RAVIOLI,5,12,136,0,1,1,,1.0,20,20,0,,,
qwen2.5:3b,5,non-ordered,math_bench_2,cot,True,1.0,20,39149,INDIA UNIFORM TANGO,KETTLE,5,15,1838,0,1,0,1,0.5,0,20,0,,,
qwen2.5:3b,5,non-ordered,math_bench_2,direct,True,1.0,20,39149,INDIA UNIFORM TANGO,KETTLE,5,15,126,0,1,1,,0.25,14,20,0,,,
qwen2.5:3b,5,non-ordered,math_bench_3,cot,True,1.0,20,39149,INDIA UNIFORM TANGO,KETTLE,5,15,1348,0,0,0,0,0.0,,,,,,
qwen2.5:3b,5,non-ordered,math_bench_3,direct,True,1.0,20,39149,INDIA UNIFORM TANGO,KETTLE,5,15,137,0,1,1,,0.0,17,20,0,,,
qwen2.5:3b,5,non-ordered,math_bench_4,cot,True,1.0,20,39149,INDIA UNIFORM TANGO,KETTLE,5,15,1628,0,1,0,0,0.25,0,20,0,,,
qwen2.5:3b,5,non-ordered,math_bench_4,direct,True,1.0,20,39149,INDIA UNIFORM TANGO,KETTLE,5,15,115,0,1,0,,0.0,15,20,0,,,
qwen2.5:3b,5,non-ordered,trivial,cot,True,1.0,20,40114,CHARLIE MIKE QUEBEC,MARBLE,5,13,576,0,1,0,1,1.0,0,20,1,,,
qwen2.5:3b,5,non-ordered,trivial,direct,True,1.0,20,40114,CHARLIE MIKE QUEBEC,MARBLE,5,13,199,0,1,1,,0.75,19,20,0,,,
qwen2.5:3b,5,non-ordered,math_bench_2,cot,True,1.0,20,40149,HOTEL UNIFORM SIERRA,TROMBONE,5,15,1134,0,1,1,1,0.25,20,20,0,,,
qwen2.5:3b,5,non-ordered,math_bench_2,direct,True,1.0,20,40149,HOTEL UNIFORM SIERRA,TROMBONE,5,15,179,0,1,1,,0.25,19,20,0,,,
qwen2.5:3b,5,non-ordered,math_bench_3,cot,True,1.0,20,40149,HOTEL UNIFORM SIERRA,TROMBONE,5,15,1431,0,1,0,1,0.0,19,20,0,,,
qwen2.5:3b,5,non-ordered,math_bench_3,direct,True,1.0,20,40149,HOTEL UNIFORM SIERRA,TROMBONE,5,15,157,0,1,1,,0.5,18,20,0,,,
qwen2.5:3b,5,non-ordered,math_bench_4,cot,True,1.0,20,40149,HOTEL UNIFORM SIERRA,TROMBONE,5,15,1454,0,1,0,0,0.25,14,20,0,,,
qwen2.5:3b,5,non-ordered,math_bench_4,direct,True,1.0,20,40149,HOTEL UNIFORM SIERRA,TROMBONE,5,15,113,0,1,1,,0.0,16,20,0,,,
qwen2.5:3b,5,non-ordered,trivial,cot,True,1.0,20,41114,VICTOR TANGO ALPHA,NECTARINE,5,13,551,0,1,1,1,1.0,20,20,1,,,
qwen2.5:3b,5,non-ordered,trivial,direct,True,1.0,20,41114,VICTOR TANGO ALPHA,NECTARINE,5,13,140,0,1,1,,1.0,20,20,0,,,
qwen2.5:3b,5,non-ordered,math_bench_2,cot,True,1.0,20,41149,INDIA QUEBEC YANKEE,ICEBERG,5,13,891,0,1,0,1,0.25,0,20,0,,,
qwen2.5:3b,5,non-ordered,math_bench_2,direct,True,1.0,20,41149,INDIA QUEBEC YANKEE,ICEBERG,5,13,112,0,1,1,,0.5,20,20,0,,,
qwen2.5:3b,5,non-ordered,math_bench_3,cot,True,1.0,20,41149,INDIA QUEBEC YANKEE,ICEBERG,5,13,994,0,1,1,1,0.5,20,20,0,,,
qwen2.5:3b,5,non-ordered,math_bench_3,direct,True,1.0,20,41149,INDIA QUEBEC YANKEE,ICEBERG,5,13,111,0,1,1,,0.0,16,20,0,,,
qwen2.5:3b,5,non-ordered,math_bench_4,cot,True,1.0,20,41149,INDIA QUEBEC YANKEE,ICEBERG,5,13,883,0,1,1,1,0.0,20,20,0,,,
qwen2.5:3b,5,non-ordered,math_bench_4,direct,True,1.0,20,41149,INDIA QUEBEC YANKEE,ICEBERG,5,13,111,0,1,1,,0.0,20,20,0,,,
qwen2.5:3b,5,non-ordered,trivial,cot,True,1.0,20,42114,FOXTROT DELTA TANGO,LULLABY,5,15,472,0,1,1,0,1.0,2,20,0,,,
qwen2.5:3b,5,non-ordered,trivial,direct,True,1.0,20,42114,FOXTROT DELTA TANGO,LULLABY,5,15,120,0,1,1,,1.0,20,20,0,,,
qwen2.5:3b,5,non-ordered,math_bench_2,cot,True,1.0,20,42149,MIKE INDIA TANGO,WOMBAT,5,12,661,0,1,1,1,0.25,20,20,0,,,
qwen2.5:3b,5,non-ordered,math_bench_2,direct,True,1.0,20,42149,MIKE INDIA TANGO,WOMBAT,5,12,160,0,1,1,,0.25,20,20,0,,,
qwen2.5:3b,5,non-ordered,math_bench_3,cot,True,1.0,20,42149,MIKE INDIA TANGO,WOMBAT,5,12,1324,0,1,1,1,0.5,20,20,0,,,
qwen2.5:3b,5,non-ordered,math_bench_3,direct,True,1.0,20,42149,MIKE INDIA TANGO,WOMBAT,5,12,166,0,1,1,,0.5,20,20,0,,,
qwen2.5:3b,5,non-ordered,math_bench_4,cot,True,1.0,20,42149,MIKE INDIA TANGO,WOMBAT,5,12,1710,0,1,1,0,0.25,20,20,0,,,
qwen2.5:3b,5,non-ordered,math_bench_4,direct,True,1.0,20,42149,MIKE INDIA TANGO,WOMBAT,5,12,207,0,1,1,,0.0,20,20,0,,,
qwen2.5:3b,5,non-ordered,trivial,cot,True,1.0,20,43114,ZULU GOLF ECHO,METRONOME,5,14,440,0,1,0,0,0.75,0,20,0,,,
qwen2.5:3b,5,non-ordered,trivial,direct,True,1.0,20,43114,ZULU GOLF ECHO,METRONOME,5,14,137,0,1,1,,1.0,20,20,0,,,
qwen2.5:3b,5,non-ordered,math_bench_2,cot,True,1.0,20,43149,KILO MIKE ALPHA,HEDGEHOG,5,12,821,0,1,0,1,0.5,2,20,0,,,
qwen2.5:3b,5,non-ordered,math_bench_2,direct,True,1.0,20,43149,KILO MIKE ALPHA,HEDGEHOG,5,12,132,0,1,1,,0.0,19,20,0,,,
qwen2.5:3b,5,non-ordered,math_bench_3,cot,True,1.0,20,43149,KILO MIKE ALPHA,HEDGEHOG,5,12,1279,0,1,1,1,0.25,20,20,0,,,
qwen2.5:3b,5,non-ordered,math_bench_3,direct,True,1.0,20,43149,KILO MIKE ALPHA,HEDGEHOG,5,12,165,0,1,1,,0.5,20,20,0,,,
qwen2.5:3b,5,non-ordered,math_bench_4,cot,True,1.0,20,43149,KILO MIKE ALPHA,HEDGEHOG,5,12,1160,0,1,0,1,0.25,0,20,0,,,
qwen2.5:3b,5,non-ordered,math_bench_4,direct,True,1.0,20,43149,KILO MIKE ALPHA,HEDGEHOG,5,12,113,0,1,1,,0.0,20,20,0,,,
qwen2.5:3b,5,non-ordered,trivial,cot,True,1.0,20,44114,GOLF UNIFORM NOVEMBER,GONDOLA,5,11,582,0,1,1,1,1.0,20,20,0,,,
qwen2.5:3b,5,non-ordered,trivial,direct,True,1.0,20,44114,GOLF UNIFORM NOVEMBER,GONDOLA,5,11,234,0,1,1,,1.0,20,20,0,,,
qwen2.5:3b,5,non-ordered,math_bench_2,cot,True,1.0,20,44149,HOTEL JULIET ZULU,BAGPIPE,5,14,699,0,1,0,0,0.25,0,20,0,,,
qwen2.5:3b,5,non-ordered,math_bench_2,direct,True,1.0,20,44149,HOTEL JULIET ZULU,BAGPIPE,5,14,109,0,1,1,,0.25,20,20,0,,,
qwen2.5:3b,5,non-ordered,math_bench_3,cot,True,1.0,20,44149,HOTEL JULIET ZULU,BAGPIPE,5,14,1100,0,1,1,1,0.25,20,20,0,,,
qwen2.5:3b,5,non-ordered,math_bench_3,direct,True,1.0,20,44149,HOTEL JULIET ZULU,BAGPIPE,5,14,206,0,1,1,,0.25,20,20,0,,,
qwen2.5:3b,5,non-ordered,math_bench_4,cot,True,1.0,20,44149,HOTEL JULIET ZULU,BAGPIPE,5,14,1471,0,1,1,1,0.25,19,20,0,,,
qwen2.5:3b,5,non-ordered,math_bench_4,direct,True,1.0,20,44149,HOTEL JULIET ZULU,BAGPIPE,5,14,111,0,1,1,,0.0,20,20,0,,,
qwen2.5:3b,5,non-ordered,trivial,cot,True,1.0,20,45114,FOXTROT GOLF ECHO,THIMBLE,5,14,498,0,1,1,1,1.0,20,20,1,,,
qwen2.5:3b,5,non-ordered,trivial,direct,True,1.0,20,45114,FOXTROT GOLF ECHO,THIMBLE,5,14,220,0,1,1,,1.0,20,20,0,,,
qwen2.5:3b,5,non-ordered,math_bench_2,cot,True,1.0,20,45149,FOXTROT NOVEMBER MIKE,QUIVER,5,12,1409,0,1,1,1,0.5,20,20,0,,,
qwen2.5:3b,5,non-ordered,math_bench_2,direct,True,1.0,20,45149,FOXTROT NOVEMBER MIKE,QUIVER,5,12,111,0,1,1,,0.0,20,20,0,,,
qwen2.5:3b,5,non-ordered,math_bench_3,cot,True,1.0,20,45149,FOXTROT NOVEMBER MIKE,QUIVER,5,12,1435,0,1,0,0,0.0,0,20,0,,,
qwen2.5:3b,5,non-ordered,math_bench_3,direct,True,1.0,20,45149,FOXTROT NOVEMBER MIKE,QUIVER,5,12,112,0,1,1,,0.25,20,20,0,,,
qwen2.5:3b,5,non-ordered,math_bench_4,cot,True,1.0,20,45149,FOXTROT NOVEMBER MIKE,QUIVER,5,12,650,0,1,0,0,0.25,0,20,0,,,
qwen2.5:3b,5,non-ordered,math_bench_4,direct,True,1.0,20,45149,FOXTROT NOVEMBER MIKE,QUIVER,5,12,111,0,1,1,,0.0,20,20,0,,,
qwen2.5:3b,5,non-ordered,trivial,cot,True,1.0,20,46114,PAPA HOTEL NOVEMBER,HARMONICA,5,14,613,0,1,1,1,0.5,20,20,0,,,
qwen2.5:3b,5,non-ordered,trivial,direct,True,1.0,20,46114,PAPA HOTEL NOVEMBER,HARMONICA,5,14,237,0,1,1,,1.0,20,20,0,,,
qwen2.5:3b,5,non-ordered,math_bench_2,cot,True,1.0,20,46149,KILO ROMEO NOVEMBER,DUMPLING,5,14,890,0,1,0,1,0.25,11,20,0,,,
qwen2.5:3b,5,non-ordered,math_bench_2,direct,True,1.0,20,46149,KILO ROMEO NOVEMBER,DUMPLING,5,14,100,0,1,1,,0.25,20,20,0,,,
qwen2.5:3b,5,non-ordered,math_bench_3,cot,True,1.0,20,46149,KILO ROMEO NOVEMBER,DUMPLING,5,14,1627,0,1,1,1,0.5,16,20,0,,,
qwen2.5:3b,5,non-ordered,math_bench_3,direct,True,1.0,20,46149,KILO ROMEO NOVEMBER,DUMPLING,5,14,115,0,1,1,,0.25,20,20,0,,,
qwen2.5:3b,5,non-ordered,math_bench_4,cot,True,1.0,20,46149,KILO ROMEO NOVEMBER,DUMPLING,5,14,1457,0,1,1,1,0.25,17,20,0,,,
qwen2.5:3b,5,non-ordered,math_bench_4,direct,True,1.0,20,46149,KILO ROMEO NOVEMBER,DUMPLING,5,14,115,0,1,0,,0.0,20,20,0,,,
qwen2.5:3b,5,non-ordered,trivial,cot,True,1.0,20,47114,TANGO GOLF NOVEMBER,VINEYARD,5,14,351,0,1,1,1,0.5,20,20,0,,,
qwen2.5:3b,5,non-ordered,trivial,direct,True,1.0,20,47114,TANGO GOLF NOVEMBER,VINEYARD,5,14,162,0,1,1,,1.0,20,20,0,,,
qwen2.5:3b,5,non-ordered,math_bench_2,cot,True,1.0,20,47149,MIKE ZULU XRAY,PUMPKIN,5,15,1864,0,1,0,0,0.25,0,20,0,,,
qwen2.5:3b,5,non-ordered,math_bench_2,direct,True,1.0,20,47149,MIKE ZULU XRAY,PUMPKIN,5,15,103,0,1,1,,0.25,20,20,0,,,
qwen2.5:3b,5,non-ordered,math_bench_3,cot,True,1.0,20,47149,MIKE ZULU XRAY,PUMPKIN,5,15,1016,0,1,0,1,0.75,9,20,0,,,
qwen2.5:3b,5,non-ordered,math_bench_3,direct,True,1.0,20,47149,MIKE ZULU XRAY,PUMPKIN,5,15,104,0,1,1,,0.5,20,20,0,,,
qwen2.5:3b,5,non-ordered,math_bench_4,cot,True,1.0,20,47149,MIKE ZULU XRAY,PUMPKIN,5,15,952,0,1,0,0,0.0,0,20,0,,,
qwen2.5:3b,5,non-ordered,math_bench_4,direct,True,1.0,20,47149,MIKE ZULU XRAY,PUMPKIN,5,15,103,0,1,1,,0.0,20,20,0,,,
qwen2.5:3b,5,non-ordered,trivial,cot,True,1.0,20,48114,CHARLIE NOVEMBER KILO,VULTURE,5,15,499,0,1,1,1,0.75,20,20,1,,,
qwen2.5:3b,5,non-ordered,trivial,direct,True,1.0,20,48114,CHARLIE NOVEMBER KILO,VULTURE,5,15,141,0,1,1,,1.0,20,20,0,,,
qwen2.5:3b,5,non-ordered,math_bench_2,cot,True,1.0,20,48149,ECHO DELTA XRAY,URCHIN,5,8,584,0,1,0,0,0.5,14,20,0,,,
qwen2.5:3b,5,non-ordered,math_bench_2,direct,True,1.0,20,48149,ECHO DELTA XRAY,URCHIN,5,8,106,0,1,1,,0.0,18,20,0,,,
qwen2.5:3b,5,non-ordered,math_bench_3,cot,True,1.0,20,48149,ECHO DELTA XRAY,URCHIN,5,8,1851,0,1,0,1,0.5,9,20,0,,,
qwen2.5:3b,5,non-ordered,math_bench_3,direct,True,1.0,20,48149,ECHO DELTA XRAY,URCHIN,5,8,152,0,1,1,,0.25,20,20,0,,,
qwen2.5:3b,5,non-ordered,math_bench_4,cot,True,1.0,20,48149,ECHO DELTA XRAY,URCHIN,5,8,2677,0,1,0,0,0.0,0,20,1,,,
qwen2.5:3b,5,non-ordered,math_bench_4,direct,True,1.0,20,48149,ECHO DELTA XRAY,URCHIN,5,8,108,0,1,1,,0.0,20,20,0,,,
qwen2.5:3b,5,non-ordered,trivial,cot,True,1.0,20,49114,WHISKEY TANGO ALPHA,FALCON,5,13,449,0,1,1,1,1.0,20,20,1,,,
qwen2.5:3b,5,non-ordered,trivial,direct,True,1.0,20,49114,WHISKEY TANGO ALPHA,FALCON,5,13,144,0,1,1,,1.0,20,20,0,,,
qwen2.5:3b,5,non-ordered,math_bench_2,cot,True,1.0,20,49149,KILO ALPHA INDIA,INKWELL,5,12,562,0,1,1,1,0.0,20,20,0,,,
qwen2.5:3b,5,non-ordered,math_bench_2,direct,True,1.0,20,49149,KILO ALPHA INDIA,INKWELL,5,12,185,0,1,1,,0.25,20,20,0,,,
qwen2.5:3b,5,non-ordered,math_bench_3,cot,True,1.0,20,49149,KILO ALPHA INDIA,INKWELL,5,12,859,0,1,0,0,0.25,0,20,0,,,
qwen2.5:3b,5,non-ordered,math_bench_3,direct,True,1.0,20,49149,KILO ALPHA INDIA,INKWELL,5,12,196,0,1,1,,0.25,19,20,0,,,
qwen2.5:3b,5,non-ordered,math_bench_4,cot,True,1.0,20,49149,KILO ALPHA INDIA,INKWELL,5,12,1301,0,1,1,1,0.25,19,20,0,,,
qwen2.5:3b,5,non-ordered,math_bench_4,direct,True,1.0,20,49149,KILO ALPHA INDIA,INKWELL,5,12,115,0,1,1,,0.0,20,20,0,,,
qwen2.5:3b,5,non-ordered,trivial,cot,True,1.0,20,50114,VICTOR UNIFORM FOXTROT,PLATYPUS,5,15,203,0,1,0,0,0.25,0,20,0,,,
qwen2.5:3b,5,non-ordered,trivial,direct,True,1.0,20,50114,VICTOR UNIFORM FOXTROT,PLATYPUS,5,15,231,0,1,1,,1.0,20,20,0,,,
qwen2.5:3b,5,non-ordered,math_bench_2,cot,True,1.0,20,50149,BRAVO JULIET FOXTROT,FALCON,5,14,775,0,1,0,0,0.25,0,20,0,,,
qwen2.5:3b,5,non-ordered,math_bench_2,direct,True,1.0,20,50149,BRAVO JULIET FOXTROT,FALCON,5,14,116,0,1,1,,0.0,20,20,0,,,
qwen2.5:3b,5,non-ordered,math_bench_3,cot,True,1.0,20,50149,BRAVO JULIET FOXTROT,FALCON,5,14,1435,0,1,0,0,0.25,17,20,0,,,
qwen2.5:3b,5,non-ordered,math_bench_3,direct,True,1.0,20,50149,BRAVO JULIET FOXTROT,FALCON,5,14,140,0,1,1,,0.0,20,20,0,,,
qwen2.5:3b,5,non-ordered,math_bench_4,cot,True,1.0,20,50149,BRAVO JULIET FOXTROT,FALCON,5,14,1011,0,1,1,1,0.25,20,20,0,,,
qwen2.5:3b,5,non-ordered,math_bench_4,direct,True,1.0,20,50149,BRAVO JULIET FOXTROT,FALCON,5,14,129,0,1,1,,0.25,20,20,0,,,
qwen2.5:3b,5,non-ordered,trivial,cot,True,1.0,20,51114,GOLF YANKEE BRAVO,GAZEBO,5,12,607,0,1,1,1,1.0,20,20,0,,,
qwen2.5:3b,5,non-ordered,trivial,direct,True,1.0,20,51114,GOLF YANKEE BRAVO,GAZEBO,5,12,199,0,1,1,,1.0,20,20,0,,,
qwen2.5:3b,5,non-ordered,math_bench_2,cot,True,1.0,20,51149,CHARLIE JULIET HOTEL,HEDGEHOG,5,14,827,0,1,1,1,0.0,20,20,0,,,
qwen2.5:3b,5,non-ordered,math_bench_2,direct,True,1.0,20,51149,CHARLIE JULIET HOTEL,HEDGEHOG,5,14,112,0,1,1,,0.5,20,20,0,,,
qwen2.5:3b,5,non-ordered,math_bench_3,cot,True,1.0,20,51149,CHARLIE JULIET HOTEL,HEDGEHOG,5,14,1356,0,1,1,1,0.25,20,20,0,,,
qwen2.5:3b,5,non-ordered,math_bench_3,direct,True,1.0,20,51149,CHARLIE JULIET HOTEL,HEDGEHOG,5,14,177,0,1,1,,0.0,20,20,0,,,
qwen2.5:3b,5,non-ordered,math_bench_4,cot,True,1.0,20,51149,CHARLIE JULIET HOTEL,HEDGEHOG,5,14,790,0,1,0,0,0.25,0,20,0,,,
qwen2.5:3b,5,non-ordered,math_bench_4,direct,True,1.0,20,51149,CHARLIE JULIET HOTEL,HEDGEHOG,5,14,110,0,1,1,,0.0,20,20,0,,,
qwen2.5:3b,5,non-ordered,trivial,cot,True,1.0,20,52114,ALPHA QUEBEC LIMA,WALNUT,5,14,659,0,1,1,1,1.0,20,20,0,,,
qwen2.5:3b,5,non-ordered,trivial,direct,True,1.0,20,52114,ALPHA QUEBEC LIMA,WALNUT,5,14,120,0,1,1,,1.0,18,20,0,,,
qwen2.5:3b,5,non-ordered,math_bench_2,cot,True,1.0,20,52149,UNIFORM CHARLIE LIMA,ANCHOVY,5,10,1271,0,1,1,0,0.25,20,20,0,,,
qwen2.5:3b,5,non-ordered,math_bench_2,direct,True,1.0,20,52149,UNIFORM CHARLIE LIMA,ANCHOVY,5,10,131,0,1,1,,0.0,20,20,0,,,
qwen2.5:3b,5,non-ordered,math_bench_3,cot,True,1.0,20,52149,UNIFORM CHARLIE LIMA,ANCHOVY,5,10,1128,0,1,0,1,0.0,0,20,0,,,
qwen2.5:3b,5,non-ordered,math_bench_3,direct,True,1.0,20,52149,UNIFORM CHARLIE LIMA,ANCHOVY,5,10,152,0,1,1,,0.0,20,20,0,,,
qwen2.5:3b,5,non-ordered,math_bench_4,cot,True,1.0,20,52149,UNIFORM CHARLIE LIMA,ANCHOVY,5,10,1256,0,1,0,0,0.25,0,20,0,,,
qwen2.5:3b,5,non-ordered,math_bench_4,direct,True,1.0,20,52149,UNIFORM CHARLIE LIMA,ANCHOVY,5,10,231,0,1,1,,0.0,20,20,0,,,
qwen2.5:3b,5,non-ordered,trivial,cot,True,1.0,20,53114,FOXTROT OSCAR SIERRA,ROOSTER,5,14,482,0,1,1,1,1.0,20,20,0,,,
qwen2.5:3b,5,non-ordered,trivial,direct,True,1.0,20,53114,FOXTROT OSCAR SIERRA,ROOSTER,5,14,228,0,1,1,,1.0,20,20,0,,,
qwen2.5:3b,5,non-ordered,math_bench_2,cot,True,1.0,20,53149,WHISKEY FOXTROT BRAVO,METRONOME,5,15,771,0,1,1,1,0.0,20,20,0,,,
qwen2.5:3b,5,non-ordered,math_bench_2,direct,True,1.0,20,53149,WHISKEY FOXTROT BRAVO,METRONOME,5,15,113,0,1,1,,0.25,20,20,0,,,
qwen2.5:3b,5,non-ordered,math_bench_3,cot,True,1.0,20,53149,WHISKEY FOXTROT BRAVO,METRONOME,5,15,1034,0,1,0,0,0.5,0,20,0,,,
qwen2.5:3b,5,non-ordered,math_bench_3,direct,True,1.0,20,53149,WHISKEY FOXTROT BRAVO,METRONOME,5,15,115,0,1,1,,0.0,20,20,0,,,
qwen2.5:3b,5,non-ordered,math_bench_4,cot,True,1.0,20,53149,WHISKEY FOXTROT BRAVO,METRONOME,5,15,1179,0,1,0,0,0.0,0,20,0,,,
qwen2.5:3b,5,non-ordered,math_bench_4,direct,True,1.0,20,53149,WHISKEY FOXTROT BRAVO,METRONOME,5,15,116,0,1,1,,0.25,20,20,0,,,
qwen2.5:3b,5,non-ordered,trivial,cot,True,1.0,20,54114,NOVEMBER FOXTROT MIKE,ABACUS,5,15,467,0,1,1,1,0.75,2,20,0,,,
qwen2.5:3b,5,non-ordered,trivial,direct,True,1.0,20,54114,NOVEMBER FOXTROT MIKE,ABACUS,5,15,121,0,1,1,,1.0,20,20,0,,,
qwen2.5:3b,5,non-ordered,math_bench_2,cot,True,1.0,20,54149,ZULU SIERRA GOLF,LILAC,5,14,886,0,1,0,0,0.5,0,20,0,,,
qwen2.5:3b,5,non-ordered,math_bench_2,direct,True,1.0,20,54149,ZULU SIERRA GOLF,LILAC,5,14,142,0,1,1,,0.0,20,20,0,,,
qwen2.5:3b,5,non-ordered,math_bench_3,cot,True,1.0,20,54149,ZULU SIERRA GOLF,LILAC,5,14,1145,0,1,1,1,0.75,20,20,0,,,
qwen2.5:3b,5,non-ordered,math_bench_3,direct,True,1.0,20,54149,ZULU SIERRA GOLF,LILAC,5,14,167,0,1,1,,0.25,20,20,0,,,
qwen2.5:3b,5,non-ordered,math_bench_4,cot,True,1.0,20,54149,ZULU SIERRA GOLF,LILAC,5,14,877,0,1,0,0,0.25,0,20,0,,,
qwen2.5:3b,5,non-ordered,math_bench_4,direct,True,1.0,20,54149,ZULU SIERRA GOLF,LILAC,5,14,118,0,1,0,,0.25,17,20,0,,,
qwen2.5:3b,5,non-ordered,trivial,cot,True,1.0,20,55114,HOTEL NOVEMBER GOLF,CACTUS,5,15,454,0,1,1,1,1.0,20,20,0,,,
qwen2.5:3b,5,non-ordered,trivial,direct,True,1.0,20,55114,HOTEL NOVEMBER GOLF,CACTUS,5,15,165,0,1,1,,1.0,20,20,0,,,
qwen2.5:3b,5,non-ordered,math_bench_2,cot,True,1.0,20,55149,CHARLIE ALPHA ROMEO,MONGOOSE,5,14,685,0,1,0,0,0.5,0,20,0,,,
qwen2.5:3b,5,non-ordered,math_bench_2,direct,True,1.0,20,55149,CHARLIE ALPHA ROMEO,MONGOOSE,5,14,119,0,1,1,,0.0,20,20,0,,,
qwen2.5:3b,5,non-ordered,math_bench_3,cot,True,1.0,20,55149,CHARLIE ALPHA ROMEO,MONGOOSE,5,14,2161,0,1,0,1,0.0,0,20,0,,,
qwen2.5:3b,5,non-ordered,math_bench_3,direct,True,1.0,20,55149,CHARLIE ALPHA ROMEO,MONGOOSE,5,14,117,0,1,1,,0.25,20,20,0,,,
qwen2.5:3b,5,non-ordered,math_bench_4,cot,True,1.0,20,55149,CHARLIE ALPHA ROMEO,MONGOOSE,5,14,1264,0,1,1,1,0.25,20,20,0,,,
qwen2.5:3b,5,non-ordered,math_bench_4,direct,True,1.0,20,55149,CHARLIE ALPHA ROMEO,MONGOOSE,5,14,121,0,1,1,,0.0,20,20,0,,,
qwen2.5:3b,5,non-ordered,trivial,cot,True,1.0,20,56114,NOVEMBER DELTA HOTEL,PYRAMID,5,15,450,0,1,1,1,1.0,20,20,0,,,
qwen2.5:3b,5,non-ordered,trivial,direct,True,1.0,20,56114,NOVEMBER DELTA HOTEL,PYRAMID,5,15,279,0,1,1,,1.0,20,20,0,,,
qwen2.5:3b,5,non-ordered,math_bench_2,cot,True,1.0,20,56149,VICTOR PAPA NOVEMBER,DOLPHIN,5,14,769,0,1,1,1,0.5,20,20,0,,,
qwen2.5:3b,5,non-ordered,math_bench_2,direct,True,1.0,20,56149,VICTOR PAPA NOVEMBER,DOLPHIN,5,14,121,0,1,1,,0.0,15,20,0,,,
qwen2.5:3b,5,non-ordered,math_bench_3,cot,True,1.0,20,56149,VICTOR PAPA NOVEMBER,DOLPHIN,5,14,1234,0,1,0,1,0.5,4,20,0,,,
qwen2.5:3b,5,non-ordered,math_bench_3,direct,True,1.0,20,56149,VICTOR PAPA NOVEMBER,DOLPHIN,5,14,171,0,1,1,,0.25,20,20,0,,,
qwen2.5:3b,5,non-ordered,math_bench_4,cot,True,1.0,20,56149,VICTOR PAPA NOVEMBER,DOLPHIN,5,14,733,0,1,1,1,0.0,20,20,0,,,
qwen2.5:3b,5,non-ordered,math_bench_4,direct,True,1.0,20,56149,VICTOR PAPA NOVEMBER,DOLPHIN,5,14,199,0,1,1,,0.0,18,20,0,,,
qwen2.5:3b,5,non-ordered,trivial,cot,True,1.0,20,57114,ZULU GOLF LIMA,GAZEBO,5,14,530,0,1,1,1,0.5,20,20,0,,,
qwen2.5:3b,5,non-ordered,trivial,direct,True,1.0,20,57114,ZULU GOLF LIMA,GAZEBO,5,14,181,0,1,1,,1.0,20,20,0,,,
qwen2.5:3b,5,non-ordered,math_bench_2,cot,True,1.0,20,57149,QUEBEC UNIFORM VICTOR,QUARRY,5,10,2158,0,1,1,1,0.25,20,20,1,,,
qwen2.5:3b,5,non-ordered,math_bench_2,direct,True,1.0,20,57149,QUEBEC UNIFORM VICTOR,QUARRY,5,10,109,0,1,1,,0.0,20,20,0,,,
qwen2.5:3b,5,non-ordered,math_bench_3,cot,True,1.0,20,57149,QUEBEC UNIFORM VICTOR,QUARRY,5,10,1535,0,1,1,1,0.25,20,20,0,,,
qwen2.5:3b,5,non-ordered,math_bench_3,direct,True,1.0,20,57149,QUEBEC UNIFORM VICTOR,QUARRY,5,10,110,0,1,1,,0.25,20,20,0,,,
qwen2.5:3b,5,non-ordered,math_bench_4,cot,True,1.0,20,57149,QUEBEC UNIFORM VICTOR,QUARRY,5,10,991,0,1,0,0,0.25,0,20,0,,,
qwen2.5:3b,5,non-ordered,math_bench_4,direct,True,1.0,20,57149,QUEBEC UNIFORM VICTOR,QUARRY,5,10,112,0,1,1,,0.25,20,20,0,,,
qwen2.5:3b,5,non-ordered,trivial,cot,True,1.0,20,58114,SIERRA WHISKEY ROMEO,YACHT,5,14,490,0,1,1,1,0.75,20,20,0,,,
qwen2.5:3b,5,non-ordered,trivial,direct,True,1.0,20,58114,SIERRA WHISKEY ROMEO,YACHT,5,14,112,0,1,1,,0.75,20,20,0,,,
qwen2.5:3b,5,non-ordered,math_bench_2,cot,True,1.0,20,58149,KILO DELTA MIKE,SNORKEL,5,12,879,0,1,1,1,0.5,17,20,0,,,
qwen2.5:3b,5,non-ordered,math_bench_2,direct,True,1.0,20,58149,KILO DELTA MIKE,SNORKEL,5,12,106,0,1,1,,0.25,20,20,0,,,
qwen2.5:3b,5,non-ordered,math_bench_3,cot,True,1.0,20,58149,KILO DELTA MIKE,SNORKEL,5,12,1762,0,1,1,0,0.0,7,20,0,,,
qwen2.5:3b,5,non-ordered,math_bench_3,direct,True,1.0,20,58149,KILO DELTA MIKE,SNORKEL,5,12,105,0,1,1,,0.25,20,20,0,,,
qwen2.5:3b,5,non-ordered,math_bench_4,cot,True,1.0,20,58149,KILO DELTA MIKE,SNORKEL,5,12,685,0,1,1,1,0.0,20,20,0,,,
qwen2.5:3b,5,non-ordered,math_bench_4,direct,True,1.0,20,58149,KILO DELTA MIKE,SNORKEL,5,12,160,0,1,1,,0.0,20,20,0,,,
qwen2.5:3b,5,non-ordered,trivial,cot,True,1.0,20,59114,XRAY WHISKEY LIMA,EGGPLANT,5,14,613,0,1,1,1,1.0,20,20,0,,,
qwen2.5:3b,5,non-ordered,trivial,direct,True,1.0,20,59114,XRAY WHISKEY LIMA,EGGPLANT,5,14,127,0,1,1,,1.0,20,20,0,,,
qwen2.5:3b,5,non-ordered,math_bench_2,cot,True,1.0,20,59149,BRAVO KILO ALPHA,GAZEBO,5,15,804,0,1,0,0,0.25,0,20,1,,,
qwen2.5:3b,5,non-ordered,math_bench_2,direct,True,1.0,20,59149,BRAVO KILO ALPHA,GAZEBO,5,15,116,0,1,1,,0.0,20,20,0,,,
qwen2.5:3b,5,non-ordered,math_bench_3,cot,True,1.0,20,59149,BRAVO KILO ALPHA,GAZEBO,5,15,779,0,1,0,0,0.25,2,20,0,,,
qwen2.5:3b,5,non-ordered,math_bench_3,direct,True,1.0,20,59149,BRAVO KILO ALPHA,GAZEBO,5,15,111,0,1,1,,0.25,20,20,0,,,
qwen2.5:3b,5,non-ordered,math_bench_4,cot,True,1.0,20,59149,BRAVO KILO ALPHA,GAZEBO,5,15,1162,0,1,0,0,0.0,0,20,0,,,
qwen2.5:3b,5,non-ordered,math_bench_4,direct,True,1.0,20,59149,BRAVO KILO ALPHA,GAZEBO,5,15,114,0,1,1,,0.25,20,20,0,,,
qwen2.5:3b,5,non-ordered,trivial,cot,True,1.0,20,60114,YANKEE ECHO FOXTROT,SUNDIAL,5,15,326,0,1,1,0,0.75,10,20,0,,,
qwen2.5:3b,5,non-ordered,trivial,direct,True,1.0,20,60114,YANKEE ECHO FOXTROT,SUNDIAL,5,15,226,0,1,1,,1.0,20,20,0,,,
qwen2.5:3b,5,non-ordered,math_bench_2,cot,True,1.0,20,60149,OSCAR CHARLIE UNIFORM,PORCUPINE,5,15,1210,0,1,0,1,0.25,13,20,0,,,
qwen2.5:3b,5,non-ordered,math_bench_2,direct,True,1.0,20,60149,OSCAR CHARLIE UNIFORM,PORCUPINE,5,15,97,0,1,0,,0.25,10,20,0,,,
qwen2.5:3b,5,non-ordered,math_bench_3,cot,True,1.0,20,60149,OSCAR CHARLIE UNIFORM,PORCUPINE,5,15,1010,0,1,1,1,0.5,8,20,0,,,
qwen2.5:3b,5,non-ordered,math_bench_3,direct,True,1.0,20,60149,OSCAR CHARLIE UNIFORM,PORCUPINE,5,15,118,0,1,0,,0.0,7,20,0,,,
qwen2.5:3b,5,non-ordered,math_bench_4,cot,True,1.0,20,60149,OSCAR CHARLIE UNIFORM,PORCUPINE,5,15,936,0,1,0,0,0.0,0,20,0,,,
qwen2.5:3b,5,non-ordered,math_bench_4,direct,True,1.0,20,60149,OSCAR CHARLIE UNIFORM,PORCUPINE,5,15,76,0,1,0,,0.0,1,20,0,,,
qwen2.5:3b,5,non-ordered,trivial,cot,True,1.0,20,61114,YANKEE NOVEMBER JULIET,BAGPIPE,5,12,494,0,1,1,0,1.0,20,20,0,,,
qwen2.5:3b,5,non-ordered,trivial,direct,True,1.0,20,61114,YANKEE NOVEMBER JULIET,BAGPIPE,5,12,144,0,1,1,,1.0,20,20,0,,,
qwen2.5:3b,5,non-ordered,math_bench_2,cot,True,1.0,20,61149,PAPA KILO ROMEO,WALRUS,5,14,532,0,1,1,1,0.25,20,20,1,,,
qwen2.5:3b,5,non-ordered,math_bench_2,direct,True,1.0,20,61149,PAPA KILO ROMEO,WALRUS,5,14,102,0,1,1,,0.25,20,20,0,,,
qwen2.5:3b,5,non-ordered,math_bench_3,cot,True,1.0,20,61149,PAPA KILO ROMEO,WALRUS,5,14,1965,0,1,1,1,0.25,20,20,0,,,
qwen2.5:3b,5,non-ordered,math_bench_3,direct,True,1.0,20,61149,PAPA KILO ROMEO,WALRUS,5,14,135,0,1,1,,0.25,18,20,0,,,
qwen2.5:3b,5,non-ordered,math_bench_4,cot,True,1.0,20,61149,PAPA KILO ROMEO,WALRUS,5,14,1156,0,1,1,0,0.5,20,20,0,,,
qwen2.5:3b,5,non-ordered,math_bench_4,direct,True,1.0,20,61149,PAPA KILO ROMEO,WALRUS,5,14,106,0,1,1,,0.0,14,20,0,,,
qwen2.5:3b,5,non-ordered,trivial,cot,True,1.0,20,62114,WHISKEY VICTOR HOTEL,PISTACHIO,5,14,970,0,1,0,1,0.0,8,20,0,,,
qwen2.5:3b,5,non-ordered,trivial,direct,True,1.0,20,62114,WHISKEY VICTOR HOTEL,PISTACHIO,5,14,144,0,1,1,,1.0,20,20,0,,,
qwen2.5:3b,5,non-ordered,math_bench_2,cot,True,1.0,20,62149,YANKEE QUEBEC NOVEMBER,OPAL,5,15,1172,0,1,0,0,0.0,8,20,0,,,
qwen2.5:3b,5,non-ordered,math_bench_2,direct,True,1.0,20,62149,YANKEE QUEBEC NOVEMBER,OPAL,5,15,209,0,1,1,,0.0,20,20,0,,,
qwen2.5:3b,5,non-ordered,math_bench_3,cot,True,1.0,20,62149,YANKEE QUEBEC NOVEMBER,OPAL,5,15,1528,0,1,1,1,0.25,17,20,0,,,
qwen2.5:3b,5,non-ordered,math_bench_3,direct,True,1.0,20,62149,YANKEE QUEBEC NOVEMBER,OPAL,5,15,223,0,1,1,,0.25,20,20,0,,,
qwen2.5:3b,5,non-ordered,math_bench_4,cot,True,1.0,20,62149,YANKEE QUEBEC NOVEMBER,OPAL,5,15,1719,0,1,1,1,0.0,20,20,0,,,
qwen2.5:3b,5,non-ordered,math_bench_4,direct,True,1.0,20,62149,YANKEE QUEBEC NOVEMBER,OPAL,5,15,111,0,1,1,,0.0,20,20,0,,,
qwen2.5:3b,5,non-ordered,trivial,cot,True,1.0,20,63114,KILO CHARLIE TANGO,UMBRELLA,5,15,369,0,1,1,1,0.5,20,20,0,,,
qwen2.5:3b,5,non-ordered,trivial,direct,True,1.0,20,63114,KILO CHARLIE TANGO,UMBRELLA,5,15,222,0,1,0,,1.0,18,20,0,,,
qwen2.5:3b,5,non-ordered,math_bench_2,cot,True,1.0,20,63149,ECHO HOTEL QUEBEC,VULTURE,5,12,947,0,1,1,1,0.25,20,20,0,,,
qwen2.5:3b,5,non-ordered,math_bench_2,direct,True,1.0,20,63149,ECHO HOTEL QUEBEC,VULTURE,5,12,114,0,1,1,,0.25,20,20,0,,,
qwen2.5:3b,5,non-ordered,math_bench_3,cot,True,1.0,20,63149,ECHO HOTEL QUEBEC,VULTURE,5,12,831,0,1,1,1,0.0,16,20,0,,,
qwen2.5:3b,5,non-ordered,math_bench_3,direct,True,1.0,20,63149,ECHO HOTEL QUEBEC,VULTURE,5,12,71,0,1,1,,0.25,20,20,0,,,
qwen2.5:3b,5,non-ordered,math_bench_4,cot,True,1.0,20,63149,ECHO HOTEL QUEBEC,VULTURE,5,12,596,0,1,1,1,0.0,20,20,0,,,
qwen2.5:3b,5,non-ordered,math_bench_4,direct,True,1.0,20,63149,ECHO HOTEL QUEBEC,VULTURE,5,12,176,0,1,1,,0.0,20,20,0,,,
qwen2.5:3b,5,non-ordered,trivial,cot,True,1.0,20,64114,UNIFORM XRAY QUEBEC,GONDOLA,5,12,539,0,1,1,1,1.0,20,20,0,,,
qwen2.5:3b,5,non-ordered,trivial,direct,True,1.0,20,64114,UNIFORM XRAY QUEBEC,GONDOLA,5,12,145,0,1,1,,1.0,20,20,0,,,
qwen2.5:3b,5,non-ordered,math_bench_2,cot,True,1.0,20,64149,HOTEL CHARLIE WHISKEY,CATAPULT,5,14,1755,0,1,1,1,0.25,13,20,0,,,
qwen2.5:3b,5,non-ordered,math_bench_2,direct,True,1.0,20,64149,HOTEL CHARLIE WHISKEY,CATAPULT,5,14,93,0,1,1,,0.0,20,20,0,,,
qwen2.5:3b,5,non-ordered,math_bench_3,cot,True,1.0,20,64149,HOTEL CHARLIE WHISKEY,CATAPULT,5,14,1277,0,1,1,1,0.5,15,20,0,,,
qwen2.5:3b,5,non-ordered,math_bench_3,direct,True,1.0,20,64149,HOTEL CHARLIE WHISKEY,CATAPULT,5,14,110,0,1,1,,0.0,20,20,0,,,
qwen2.5:3b,5,non-ordered,math_bench_4,cot,True,1.0,20,64149,HOTEL CHARLIE WHISKEY,CATAPULT,5,14,933,0,1,0,0,0.25,13,20,0,,,
qwen2.5:3b,5,non-ordered,math_bench_4,direct,True,1.0,20,64149,HOTEL CHARLIE WHISKEY,CATAPULT,5,14,110,0,1,1,,0.0,20,20,0,,,
qwen2.5:3b,5,non-ordered,trivial,cot,True,1.0,20,65114,HOTEL JULIET XRAY,YACHT,5,12,627,0,1,1,1,1.0,20,20,1,,,
qwen2.5:3b,5,non-ordered,trivial,direct,True,1.0,20,65114,HOTEL JULIET XRAY,YACHT,5,12,221,0,1,1,,1.0,20,20,0,,,
qwen2.5:3b,5,non-ordered,math_bench_2,cot,True,1.0,20,65149,WHISKEY FOXTROT QUEBEC,TANGERINE,5,15,692,0,1,1,1,0.75,20,20,0,,,
qwen2.5:3b,5,non-ordered,math_bench_2,direct,True,1.0,20,65149,WHISKEY FOXTROT QUEBEC,TANGERINE,5,15,178,0,1,1,,0.25,20,20,0,,,
qwen2.5:3b,5,non-ordered,math_bench_3,cot,True,1.0,20,65149,WHISKEY FOXTROT QUEBEC,TANGERINE,5,15,1564,0,1,1,1,0.25,20,20,0,,,
qwen2.5:3b,5,non-ordered,math_bench_3,direct,True,1.0,20,65149,WHISKEY FOXTROT QUEBEC,TANGERINE,5,15,121,0,1,1,,0.0,20,20,0,,,
qwen2.5:3b,5,non-ordered,math_bench_4,cot,True,1.0,20,65149,WHISKEY FOXTROT QUEBEC,TANGERINE,5,15,779,0,1,1,1,0.25,20,20,0,,,
qwen2.5:3b,5,non-ordered,math_bench_4,direct,True,1.0,20,65149,WHISKEY FOXTROT QUEBEC,TANGERINE,5,15,203,0,1,1,,0.25,20,20,0,,,
qwen2.5:3b,5,non-ordered,trivial,cot,True,1.0,20,66114,ECHO OSCAR ZULU,JIGSAW,5,15,485,0,1,1,1,1.0,20,20,1,,,
qwen2.5:3b,5,non-ordered,trivial,direct,True,1.0,20,66114,ECHO OSCAR ZULU,JIGSAW,5,15,217,0,1,1,,1.0,20,20,0,,,
qwen2.5:3b,5,non-ordered,math_bench_2,cot,True,1.0,20,66149,ALPHA JULIET OSCAR,WALNUT,5,14,998,0,1,0,0,0.0,7,20,0,,,
qwen2.5:3b,5,non-ordered,math_bench_2,direct,True,1.0,20,66149,ALPHA JULIET OSCAR,WALNUT,5,14,103,0,1,0,,0.0,8,20,0,,,
qwen2.5:3b,5,non-ordered,math_bench_3,cot,True,1.0,20,66149,ALPHA JULIET OSCAR,WALNUT,5,14,1295,0,1,1,1,0.25,20,20,1,,,
qwen2.5:3b,5,non-ordered,math_bench_3,direct,True,1.0,20,66149,ALPHA JULIET OSCAR,WALNUT,5,14,162,0,1,0,,0.0,13,20,0,,,
qwen2.5:3b,5,non-ordered,math_bench_4,cot,True,1.0,20,66149,ALPHA JULIET OSCAR,WALNUT,5,14,997,0,1,0,0,0.0,1,20,0,,,
qwen2.5:3b,5,non-ordered,math_bench_4,direct,True,1.0,20,66149,ALPHA JULIET OSCAR,WALNUT,5,14,105,0,1,0,,0.0,5,20,0,,,
qwen2.5:3b,5,non-ordered,trivial,cot,True,1.0,20,67114,DELTA PAPA ALPHA,UMBRELLA,5,15,541,0,1,1,1,1.0,20,20,0,,,
qwen2.5:3b,5,non-ordered,trivial,direct,True,1.0,20,67114,DELTA PAPA ALPHA,UMBRELLA,5,15,121,0,1,1,,1.0,20,20,0,,,
qwen2.5:3b,5,non-ordered,math_bench_2,cot,True,1.0,20,67149,HOTEL WHISKEY OSCAR,ORCHID,5,15,741,0,1,1,1,0.0,20,20,0,,,
qwen2.5:3b,5,non-ordered,math_bench_2,direct,True,1.0,20,67149,HOTEL WHISKEY OSCAR,ORCHID,5,15,114,0,1,1,,0.0,20,20,0,,,
qwen2.5:3b,5,non-ordered,math_bench_3,cot,True,1.0,20,67149,HOTEL WHISKEY OSCAR,ORCHID,5,15,584,0,1,1,0,0.0,20,20,0,,,
qwen2.5:3b,5,non-ordered,math_bench_3,direct,True,1.0,20,67149,HOTEL WHISKEY OSCAR,ORCHID,5,15,124,0,1,1,,0.0,16,20,0,,,
qwen2.5:3b,5,non-ordered,math_bench_4,cot,True,1.0,20,67149,HOTEL WHISKEY OSCAR,ORCHID,5,15,1182,0,1,0,0,0.0,18,20,0,,,
qwen2.5:3b,5,non-ordered,math_bench_4,direct,True,1.0,20,67149,HOTEL WHISKEY OSCAR,ORCHID,5,15,109,0,1,1,,0.25,20,20,0,,,
qwen2.5:3b,5,non-ordered,trivial,cot,True,1.0,20,68114,ECHO ALPHA LIMA,METRONOME,5,11,768,0,1,1,0,1.0,19,20,0,,,
qwen2.5:3b,5,non-ordered,trivial,direct,True,1.0,20,68114,ECHO ALPHA LIMA,METRONOME,5,11,192,0,1,1,,1.0,20,20,0,,,
qwen2.5:3b,5,non-ordered,math_bench_2,cot,True,1.0,20,68149,VICTOR ECHO LIMA,BLIZZARD,5,10,785,0,1,1,1,0.5,20,20,0,,,
qwen2.5:3b,5,non-ordered,math_bench_2,direct,True,1.0,20,68149,VICTOR ECHO LIMA,BLIZZARD,5,10,253,0,1,1,,0.25,20,20,0,,,
qwen2.5:3b,5,non-ordered,math_bench_3,cot,True,1.0,20,68149,VICTOR ECHO LIMA,BLIZZARD,5,10,981,0,0,0,1,0.25,,,,,,
qwen2.5:3b,5,non-ordered,math_bench_3,direct,True,1.0,20,68149,VICTOR ECHO LIMA,BLIZZARD,5,10,108,0,1,1,,0.25,20,20,0,,,
qwen2.5:3b,5,non-ordered,math_bench_4,cot,True,1.0,20,68149,VICTOR ECHO LIMA,BLIZZARD,5,10,890,0,1,1,0,0.25,20,20,0,,,
qwen2.5:3b,5,non-ordered,math_bench_4,direct,True,1.0,20,68149,VICTOR ECHO LIMA,BLIZZARD,5,10,120,0,1,0,,0.0,13,20,0,,,
qwen2.5:3b,5,non-ordered,trivial,cot,True,1.0,20,69114,GOLF BRAVO XRAY,PELICAN,5,15,477,0,1,1,1,0.75,20,20,0,,,
qwen2.5:3b,5,non-ordered,trivial,direct,True,1.0,20,69114,GOLF BRAVO XRAY,PELICAN,5,15,174,0,1,1,,1.0,20,20,0,,,
qwen2.5:3b,5,non-ordered,math_bench_2,cot,True,1.0,20,69149,GOLF KILO JULIET,UKULELE,5,11,874,0,1,1,0,0.5,17,20,0,,,
qwen2.5:3b,5,non-ordered,math_bench_2,direct,True,1.0,20,69149,GOLF KILO JULIET,UKULELE,5,11,113,0,1,1,,0.0,20,20,0,,,
qwen2.5:3b,5,non-ordered,math_bench_3,cot,True,1.0,20,69149,GOLF KILO JULIET,UKULELE,5,11,1245,0,1,0,0,0.5,0,20,0,,,
qwen2.5:3b,5,non-ordered,math_bench_3,direct,True,1.0,20,69149,GOLF KILO JULIET,UKULELE,5,11,108,0,1,1,,0.0,20,20,0,,,
qwen2.5:3b,5,non-ordered,math_bench_4,cot,True,1.0,20,69149,GOLF KILO JULIET,UKULELE,5,11,1507,0,1,0,0,0.0,0,20,0,,,
qwen2.5:3b,5,non-ordered,math_bench_4,direct,True,1.0,20,69149,GOLF KILO JULIET,UKULELE,5,11,124,0,1,1,,0.0,20,20,0,,,
qwen2.5:3b,5,non-ordered,trivial,cot,True,1.0,20,70114,OSCAR FOXTROT PAPA,METRONOME,5,15,810,0,1,0,1,1.0,2,20,0,,,
qwen2.5:3b,5,non-ordered,trivial,direct,True,1.0,20,70114,OSCAR FOXTROT PAPA,METRONOME,5,15,140,0,1,1,,1.0,14,20,0,,,
qwen2.5:3b,5,non-ordered,math_bench_2,cot,True,1.0,20,70149,UNIFORM FOXTROT GOLF,BLIZZARD,5,10,770,0,1,1,1,0.25,20,20,0,,,
qwen2.5:3b,5,non-ordered,math_bench_2,direct,True,1.0,20,70149,UNIFORM FOXTROT GOLF,BLIZZARD,5,10,220,0,1,1,,0.0,20,20,0,,,
qwen2.5:3b,5,non-ordered,math_bench_3,cot,True,1.0,20,70149,UNIFORM FOXTROT GOLF,BLIZZARD,5,10,1264,0,1,1,1,0.5,20,20,0,,,
qwen2.5:3b,5,non-ordered,math_bench_3,direct,True,1.0,20,70149,UNIFORM FOXTROT GOLF,BLIZZARD,5,10,140,0,1,1,,0.0,20,20,0,,,
qwen2.5:3b,5,non-ordered,math_bench_4,cot,True,1.0,20,70149,UNIFORM FOXTROT GOLF,BLIZZARD,5,10,2100,0,1,1,1,0.25,20,20,0,,,
qwen2.5:3b,5,non-ordered,math_bench_4,direct,True,1.0,20,70149,UNIFORM FOXTROT GOLF,BLIZZARD,5,10,157,0,1,1,,0.0,20,20,0,,,
qwen2.5:3b,5,non-ordered,trivial,cot,True,1.0,20,71114,OSCAR TANGO HOTEL,QUICKSAND,5,10,386,0,1,0,1,0.5,10,20,0,,,
qwen2.5:3b,5,non-ordered,trivial,direct,True,1.0,20,71114,OSCAR TANGO HOTEL,QUICKSAND,5,10,137,0,1,1,,1.0,20,20,0,,,
qwen2.5:3b,5,non-ordered,math_bench_2,cot,True,1.0,20,71149,WHISKEY VICTOR SIERRA,FALCON,5,14,430,0,1,1,1,0.0,20,20,0,,,
qwen2.5:3b,5,non-ordered,math_bench_2,direct,True,1.0,20,71149,WHISKEY VICTOR SIERRA,FALCON,5,14,111,0,1,1,,0.5,20,20,0,,,
qwen2.5:3b,5,non-ordered,math_bench_3,cot,True,1.0,20,71149,WHISKEY VICTOR SIERRA,FALCON,5,14,1614,0,1,0,0,0.25,0,20,0,,,
qwen2.5:3b,5,non-ordered,math_bench_3,direct,True,1.0,20,71149,WHISKEY VICTOR SIERRA,FALCON,5,14,112,0,1,1,,0.0,20,20,0,,,
qwen2.5:3b,5,non-ordered,math_bench_4,cot,True,1.0,20,71149,WHISKEY VICTOR SIERRA,FALCON,5,14,221,0,1,0,0,0.0,0,20,0,,,
qwen2.5:3b,5,non-ordered,math_bench_4,direct,True,1.0,20,71149,WHISKEY VICTOR SIERRA,FALCON,5,14,113,0,1,1,,0.0,20,20,0,,,
qwen2.5:3b,5,non-ordered,trivial,cot,True,1.0,20,72114,LIMA INDIA MIKE,PUMPKIN,5,14,493,0,1,1,1,0.75,20,20,0,,,
qwen2.5:3b,5,non-ordered,trivial,direct,True,1.0,20,72114,LIMA INDIA MIKE,PUMPKIN,5,14,134,0,1,1,,1.0,20,20,0,,,
qwen2.5:3b,5,non-ordered,math_bench_2,cot,True,1.0,20,72149,YANKEE DELTA GOLF,DAFFODIL,5,11,881,0,1,1,0,0.75,20,20,0,,,
qwen2.5:3b,5,non-ordered,math_bench_2,direct,True,1.0,20,72149,YANKEE DELTA GOLF,DAFFODIL,5,11,122,0,1,1,,0.0,19,20,0,,,
qwen2.5:3b,5,non-ordered,math_bench_3,cot,True,1.0,20,72149,YANKEE DELTA GOLF,DAFFODIL,5,11,647,0,1,0,0,0.0,9,20,0,,,
qwen2.5:3b,5,non-ordered,math_bench_3,direct,True,1.0,20,72149,YANKEE DELTA GOLF,DAFFODIL,5,11,121,0,1,1,,0.0,20,20,0,,,
qwen2.5:3b,5,non-ordered,math_bench_4,cot,True,1.0,20,72149,YANKEE DELTA GOLF,DAFFODIL,5,11,1091,0,1,1,1,0.5,20,20,0,,,
qwen2.5:3b,5,non-ordered,math_bench_4,direct,True,1.0,20,72149,YANKEE DELTA GOLF,DAFFODIL,5,11,121,0,1,1,,0.0,20,20,0,,,
qwen2.5:3b,5,non-ordered,trivial,cot,True,1.0,20,73114,MIKE INDIA ROMEO,YODEL,5,15,363,0,1,1,1,1.0,20,20,1,,,
qwen2.5:3b,5,non-ordered,trivial,direct,True,1.0,20,73114,MIKE INDIA ROMEO,YODEL,5,15,267,0,1,1,,1.0,20,20,0,,,
qwen2.5:3b,5,non-ordered,math_bench_2,cot,True,1.0,20,73149,ROMEO BRAVO MIKE,OBELISK,5,11,1137,0,1,1,1,0.0,19,20,0,,,
qwen2.5:3b,5,non-ordered,math_bench_2,direct,True,1.0,20,73149,ROMEO BRAVO MIKE,OBELISK,5,11,123,0,1,1,,0.0,20,20,0,,,
qwen2.5:3b,5,non-ordered,math_bench_3,cot,True,1.0,20,73149,ROMEO BRAVO MIKE,OBELISK,5,11,1235,0,1,1,0,0.0,17,20,0,,,
qwen2.5:3b,5,non-ordered,math_bench_3,direct,True,1.0,20,73149,ROMEO BRAVO MIKE,OBELISK,5,11,194,0,1,1,,0.0,20,20,0,,,
qwen2.5:3b,5,non-ordered,math_bench_4,cot,True,1.0,20,73149,ROMEO BRAVO MIKE,OBELISK,5,11,1095,0,1,1,1,0.25,19,20,0,,,
qwen2.5:3b,5,non-ordered,math_bench_4,direct,True,1.0,20,73149,ROMEO BRAVO MIKE,OBELISK,5,11,208,0,1,1,,0.25,20,20,0,,,
qwen2.5:3b,5,non-ordered,trivial,cot,True,1.0,20,74114,VICTOR INDIA ECHO,PUMPKIN,5,15,453,0,1,1,0,1.0,20,20,1,,,
qwen2.5:3b,5,non-ordered,trivial,direct,True,1.0,20,74114,VICTOR INDIA ECHO,PUMPKIN,5,15,141,0,1,1,,1.0,20,20,0,,,
qwen2.5:3b,5,non-ordered,math_bench_2,cot,True,1.0,20,74149,JULIET XRAY PAPA,TANGERINE,5,10,1121,0,1,1,1,0.0,19,20,0,,,
qwen2.5:3b,5,non-ordered,math_bench_2,direct,True,1.0,20,74149,JULIET XRAY PAPA,TANGERINE,5,10,116,0,1,1,,0.0,20,20,0,,,
qwen2.5:3b,5,non-ordered,math_bench_3,cot,True,1.0,20,74149,JULIET XRAY PAPA,TANGERINE,5,10,1479,0,1,0,0,0.5,0,20,0,,,
qwen2.5:3b,5,non-ordered,math_bench_3,direct,True,1.0,20,74149,JULIET XRAY PAPA,TANGERINE,5,10,113,0,1,1,,0.25,20,20,0,,,
qwen2.5:3b,5,non-ordered,math_bench_4,cot,True,1.0,20,74149,JULIET XRAY PAPA,TANGERINE,5,10,1573,0,1,1,1,0.5,19,20,0,,,
qwen2.5:3b,5,non-ordered,math_bench_4,direct,True,1.0,20,74149,JULIET XRAY PAPA,TANGERINE,5,10,90,0,1,0,,0.0,6,20,0,,,
qwen2.5:3b,5,non-ordered,trivial,cot,True,1.0,20,75114,FOXTROT BRAVO WHISKEY,JIGSAW,5,11,525,0,1,1,1,1.0,20,20,0,,,
qwen2.5:3b,5,non-ordered,trivial,direct,True,1.0,20,75114,FOXTROT BRAVO WHISKEY,JIGSAW,5,11,229,0,1,1,,1.0,20,20,0,,,
qwen2.5:3b,5,non-ordered,math_bench_2,cot,True,1.0,20,75149,CHARLIE KILO TANGO,RAVIOLI,5,15,708,0,1,1,1,0.0,20,20,0,,,
qwen2.5:3b,5,non-ordered,math_bench_2,direct,True,1.0,20,75149,CHARLIE KILO TANGO,RAVIOLI,5,15,144,0,1,1,,0.0,20,20,0,,,
qwen2.5:3b,5,non-ordered,math_bench_3,cot,True,1.0,20,75149,CHARLIE KILO TANGO,RAVIOLI,5,15,1078,0,1,1,1,0.0,20,20,0,,,
qwen2.5:3b,5,non-ordered,math_bench_3,direct,True,1.0,20,75149,CHARLIE KILO TANGO,RAVIOLI,5,15,106,0,1,1,,0.0,20,20,0,,,
qwen2.5:3b,5,non-ordered,math_bench_4,cot,True,1.0,20,75149,CHARLIE KILO TANGO,RAVIOLI,5,15,1425,0,1,0,0,0.0,0,20,0,,,
qwen2.5:3b,5,non-ordered,math_bench_4,direct,True,1.0,20,75149,CHARLIE KILO TANGO,RAVIOLI,5,15,105,0,1,1,,0.0,20,20,0,,,
qwen2.5:3b,5,non-ordered,trivial,cot,True,1.0,20,76114,CHARLIE DELTA XRAY,CARNIVAL,5,11,572,0,1,1,1,1.0,20,20,0,,,
qwen2.5:3b,5,non-ordered,trivial,direct,True,1.0,20,76114,CHARLIE DELTA XRAY,CARNIVAL,5,11,137,0,1,1,,1.0,20,20,0,,,
qwen2.5:3b,5,non-ordered,math_bench_2,cot,True,1.0,20,76149,PAPA FOXTROT XRAY,SAPPHIRE,5,15,867,0,1,1,1,0.0,20,20,0,,,
qwen2.5:3b,5,non-ordered,math_bench_2,direct,True,1.0,20,76149,PAPA FOXTROT XRAY,SAPPHIRE,5,15,113,0,1,1,,0.0,20,20,0,,,
qwen2.5:3b,5,non-ordered,math_bench_3,cot,True,1.0,20,76149,PAPA FOXTROT XRAY,SAPPHIRE,5,15,1045,0,1,0,0,0.25,0,20,0,,,
qwen2.5:3b,5,non-ordered,math_bench_3,direct,True,1.0,20,76149,PAPA FOXTROT XRAY,SAPPHIRE,5,15,112,0,1,1,,0.0,20,20,0,,,
qwen2.5:3b,5,non-ordered,math_bench_4,cot,True,1.0,20,76149,PAPA FOXTROT XRAY,SAPPHIRE,5,15,675,0,1,1,1,0.0,20,20,0,,,
qwen2.5:3b,5,non-ordered,math_bench_4,direct,True,1.0,20,76149,PAPA FOXTROT XRAY,SAPPHIRE,5,15,170,0,1,1,,0.0,20,20,0,,,
qwen2.5:3b,5,non-ordered,trivial,cot,True,1.0,20,77114,ROMEO JULIET SIERRA,YACHT,5,12,1108,0,1,1,0,1.0,15,20,0,,,
qwen2.5:3b,5,non-ordered,trivial,direct,True,1.0,20,77114,ROMEO JULIET SIERRA,YACHT,5,12,136,0,1,1,,1.0,20,20,0,,,
qwen2.5:3b,5,non-ordered,math_bench_2,cot,True,1.0,20,77149,JULIET VICTOR BRAVO,ABACUS,5,15,710,0,1,1,1,0.25,20,20,0,,,
qwen2.5:3b,5,non-ordered,math_bench_2,direct,True,1.0,20,77149,JULIET VICTOR BRAVO,ABACUS,5,15,124,0,1,1,,0.25,20,20,0,,,
qwen2.5:3b,5,non-ordered,math_bench_3,cot,True,1.0,20,77149,JULIET VICTOR BRAVO,ABACUS,5,15,1151,0,1,1,0,0.5,6,20,0,,,
qwen2.5:3b,5,non-ordered,math_bench_3,direct,True,1.0,20,77149,JULIET VICTOR BRAVO,ABACUS,5,15,109,0,1,1,,0.25,20,20,0,,,
qwen2.5:3b,5,non-ordered,math_bench_4,cot,True,1.0,20,77149,JULIET VICTOR BRAVO,ABACUS,5,15,2274,0,1,1,1,0.25,20,20,1,,,
qwen2.5:3b,5,non-ordered,math_bench_4,direct,True,1.0,20,77149,JULIET VICTOR BRAVO,ABACUS,5,15,110,0,1,1,,0.0,20,20,0,,,
qwen2.5:3b,5,non-ordered,trivial,cot,True,1.0,20,78114,KILO YANKEE CHARLIE,PYRAMID,5,12,263,0,1,0,0,0.75,14,20,0,,,
qwen2.5:3b,5,non-ordered,trivial,direct,True,1.0,20,78114,KILO YANKEE CHARLIE,PYRAMID,5,12,115,0,1,1,,1.0,13,20,0,,,
qwen2.5:3b,5,non-ordered,math_bench_2,cot,True,1.0,20,78149,ALPHA CHARLIE KILO,ABACUS,5,14,926,0,1,0,0,0.75,1,20,0,,,
qwen2.5:3b,5,non-ordered,math_bench_2,direct,True,1.0,20,78149,ALPHA CHARLIE KILO,ABACUS,5,14,67,0,1,1,,0.5,20,20,0,,,
qwen2.5:3b,5,non-ordered,math_bench_3,cot,True,1.0,20,78149,ALPHA CHARLIE KILO,ABACUS,5,14,686,0,1,0,0,0.5,0,20,0,,,
qwen2.5:3b,5,non-ordered,math_bench_3,direct,True,1.0,20,78149,ALPHA CHARLIE KILO,ABACUS,5,14,74,0,1,1,,0.0,18,20,0,,,
qwen2.5:3b,5,non-ordered,math_bench_4,cot,True,1.0,20,78149,ALPHA CHARLIE KILO,ABACUS,5,14,1181,0,1,0,1,0.25,0,20,0,,,
qwen2.5:3b,5,non-ordered,math_bench_4,direct,True,1.0,20,78149,ALPHA CHARLIE KILO,ABACUS,5,14,160,0,1,1,,0.0,18,20,0,,,
qwen2.5:3b,5,non-ordered,trivial,cot,True,1.0,20,79114,ROMEO SIERRA YANKEE,ICEBERG,5,15,295,0,1,1,1,0.25,20,20,0,,,
qwen2.5:3b,5,non-ordered,trivial,direct,True,1.0,20,79114,ROMEO SIERRA YANKEE,ICEBERG,5,15,138,0,1,1,,1.0,20,20,0,,,
qwen2.5:3b,5,non-ordered,math_bench_2,cot,True,1.0,20,79149,OSCAR YANKEE PAPA,FALCON,5,14,1396,0,1,0,1,0.25,2,20,0,,,
qwen2.5:3b,5,non-ordered,math_bench_2,direct,True,1.0,20,79149,OSCAR YANKEE PAPA,FALCON,5,14,158,0,1,1,,0.0,20,20,0,,,
qwen2.5:3b,5,non-ordered,math_bench_3,cot,True,1.0,20,79149,OSCAR YANKEE PAPA,FALCON,5,14,1297,0,1,0,0,0.25,0,20,0,,,
qwen2.5:3b,5,non-ordered,math_bench_3,direct,True,1.0,20,79149,OSCAR YANKEE PAPA,FALCON,5,14,103,0,1,1,,0.25,20,20,0,,,
qwen2.5:3b,5,non-ordered,math_bench_4,cot,True,1.0,20,79149,OSCAR YANKEE PAPA,FALCON,5,14,1422,0,1,1,0,0.25,0,20,0,,,
qwen2.5:3b,5,non-ordered,math_bench_4,direct,True,1.0,20,79149,OSCAR YANKEE PAPA,FALCON,5,14,108,0,1,1,,0.0,19,20,0,,,
qwen2.5:3b,5,non-ordered,trivial,cot,True,1.0,20,80114,ZULU ROMEO JULIET,PUMPKIN,5,15,383,0,1,1,1,1.0,20,20,1,,,
qwen2.5:3b,5,non-ordered,trivial,direct,True,1.0,20,80114,ZULU ROMEO JULIET,PUMPKIN,5,15,241,0,1,1,,1.0,20,20,0,,,
qwen2.5:3b,5,non-ordered,math_bench_2,cot,True,1.0,20,80149,ALPHA XRAY OSCAR,EMERALD,5,15,697,0,1,0,0,0.5,6,20,0,,,
qwen2.5:3b,5,non-ordered,math_bench_2,direct,True,1.0,20,80149,ALPHA XRAY OSCAR,EMERALD,5,15,171,0,1,0,,0.0,9,20,0,,,
qwen2.5:3b,5,non-ordered,math_bench_3,cot,True,1.0,20,80149,ALPHA XRAY OSCAR,EMERALD,5,15,498,0,1,0,1,0.25,13,20,0,,,
qwen2.5:3b,5,non-ordered,math_bench_3,direct,True,1.0,20,80149,ALPHA XRAY OSCAR,EMERALD,5,15,179,0,1,0,,0.0,3,20,0,,,
qwen2.5:3b,5,non-ordered,math_bench_4,cot,True,1.0,20,80149,ALPHA XRAY OSCAR,EMERALD,5,15,706,0,1,1,1,0.25,12,20,0,,,
qwen2.5:3b,5,non-ordered,math_bench_4,direct,True,1.0,20,80149,ALPHA XRAY OSCAR,EMERALD,5,15,105,0,1,1,,0.25,13,20,0,,,
qwen2.5:3b,5,non-ordered,trivial,cot,True,1.0,20,81114,ZULU ROMEO GOLF,ZIGZAG,5,15,506,0,1,1,0,1.0,6,20,0,,,
qwen2.5:3b,5,non-ordered,trivial,direct,True,1.0,20,81114,ZULU ROMEO GOLF,ZIGZAG,5,15,132,0,1,1,,1.0,20,20,0,,,
qwen2.5:3b,5,non-ordered,math_bench_2,cot,True,1.0,20,81149,QUEBEC WHISKEY FOXTROT,QUARRY,5,11,963,0,1,0,0,0.0,0,20,0,,,
qwen2.5:3b,5,non-ordered,math_bench_2,direct,True,1.0,20,81149,QUEBEC WHISKEY FOXTROT,QUARRY,5,11,145,0,1,1,,0.0,20,20,0,,,
qwen2.5:3b,5,non-ordered,math_bench_3,cot,True,1.0,20,81149,QUEBEC WHISKEY FOXTROT,QUARRY,5,11,1654,0,1,1,0,0.5,20,20,0,,,
qwen2.5:3b,5,non-ordered,math_bench_3,direct,True,1.0,20,81149,QUEBEC WHISKEY FOXTROT,QUARRY,5,11,124,0,1,1,,0.5,20,20,0,,,
qwen2.5:3b,5,non-ordered,math_bench_4,cot,True,1.0,20,81149,QUEBEC WHISKEY FOXTROT,QUARRY,5,11,1390,0,1,0,0,0.0,7,20,0,,,
qwen2.5:3b,5,non-ordered,math_bench_4,direct,True,1.0,20,81149,QUEBEC WHISKEY FOXTROT,QUARRY,5,11,141,0,1,1,,0.0,20,20,0,,,
qwen2.5:3b,5,non-ordered,trivial,cot,True,1.0,20,82114,XRAY QUEBEC ROMEO,XYLOPHONE,5,15,696,0,1,0,1,1.0,0,20,1,,,
qwen2.5:3b,5,non-ordered,trivial,direct,True,1.0,20,82114,XRAY QUEBEC ROMEO,XYLOPHONE,5,15,125,0,1,1,,1.0,20,20,0,,,
qwen2.5:3b,5,non-ordered,math_bench_2,cot,True,1.0,20,82149,NOVEMBER ZULU ECHO,XYLOPHONE,5,15,979,0,1,0,0,0.75,0,20,0,,,
qwen2.5:3b,5,non-ordered,math_bench_2,direct,True,1.0,20,82149,NOVEMBER ZULU ECHO,XYLOPHONE,5,15,113,0,1,1,,0.25,20,20,0,,,
qwen2.5:3b,5,non-ordered,math_bench_3,cot,True,1.0,20,82149,NOVEMBER ZULU ECHO,XYLOPHONE,5,15,980,0,1,1,0,0.5,8,20,0,,,
qwen2.5:3b,5,non-ordered,math_bench_3,direct,True,1.0,20,82149,NOVEMBER ZULU ECHO,XYLOPHONE,5,15,188,0,1,1,,0.25,18,20,0,,,
qwen2.5:3b,5,non-ordered,math_bench_4,cot,True,1.0,20,82149,NOVEMBER ZULU ECHO,XYLOPHONE,5,15,951,0,1,0,0,0.5,0,20,0,,,
qwen2.5:3b,5,non-ordered,math_bench_4,direct,True,1.0,20,82149,NOVEMBER ZULU ECHO,XYLOPHONE,5,15,113,0,1,1,,0.25,20,20,0,,,
qwen2.5:3b,5,non-ordered,trivial,cot,True,1.0,20,83114,GOLF DELTA MIKE,HARMONICA,5,15,268,0,1,1,1,0.25,20,20,0,,,
qwen2.5:3b,5,non-ordered,trivial,direct,True,1.0,20,83114,GOLF DELTA MIKE,HARMONICA,5,15,251,0,1,1,,1.0,20,20,0,,,
qwen2.5:3b,5,non-ordered,math_bench_2,cot,True,1.0,20,83149,NOVEMBER HOTEL ROMEO,ORCHID,5,12,453,0,1,1,1,0.25,20,20,0,,,
qwen2.5:3b,5,non-ordered,math_bench_2,direct,True,1.0,20,83149,NOVEMBER HOTEL ROMEO,ORCHID,5,12,114,0,1,1,,0.25,20,20,0,,,
qwen2.5:3b,5,non-ordered,math_bench_3,cot,True,1.0,20,83149,NOVEMBER HOTEL ROMEO,ORCHID,5,12,1304,0,1,1,0,0.0,20,20,0,,,
qwen2.5:3b,5,non-ordered,math_bench_3,direct,True,1.0,20,83149,NOVEMBER HOTEL ROMEO,ORCHID,5,12,112,0,1,1,,0.25,20,20,0,,,
qwen2.5:3b,5,non-ordered,math_bench_4,cot,True,1.0,20,83149,NOVEMBER HOTEL ROMEO,ORCHID,5,12,2120,0,1,0,0,0.0,15,20,0,,,
qwen2.5:3b,5,non-ordered,math_bench_4,direct,True,1.0,20,83149,NOVEMBER HOTEL ROMEO,ORCHID,5,12,113,0,1,1,,0.0,20,20,0,,,
qwen2.5:3b,5,non-ordered,trivial,cot,True,1.0,20,84114,JULIET HOTEL ROMEO,MARBLE,5,15,555,0,1,1,1,0.5,20,20,0,,,
qwen2.5:3b,5,non-ordered,trivial,direct,True,1.0,20,84114,JULIET HOTEL ROMEO,MARBLE,5,15,126,0,1,1,,1.0,20,20,0,,,
qwen2.5:3b,5,non-ordered,math_bench_2,cot,True,1.0,20,84149,SIERRA GOLF KILO,CARNIVAL,5,15,1434,0,1,1,0,0.5,20,20,1,,,
qwen2.5:3b,5,non-ordered,math_bench_2,direct,True,1.0,20,84149,SIERRA GOLF KILO,CARNIVAL,5,15,176,0,1,1,,0.5,20,20,0,,,
qwen2.5:3b,5,non-ordered,math_bench_3,cot,True,1.0,20,84149,SIERRA GOLF KILO,CARNIVAL,5,15,2106,0,1,0,0,0.0,0,20,0,,,
qwen2.5:3b,5,non-ordered,math_bench_3,direct,True,1.0,20,84149,SIERRA GOLF KILO,CARNIVAL,5,15,199,0,1,1,,0.0,20,20,0,,,
qwen2.5:3b,5,non-ordered,math_bench_4,cot,True,1.0,20,84149,SIERRA GOLF KILO,CARNIVAL,5,15,1170,0,1,1,0,0.25,20,20,0,,,
qwen2.5:3b,5,non-ordered,math_bench_4,direct,True,1.0,20,84149,SIERRA GOLF KILO,CARNIVAL,5,15,110,0,1,1,,0.0,20,20,0,,,
qwen2.5:3b,5,non-ordered,trivial,cot,True,1.0,20,85114,CHARLIE ALPHA VICTOR,UKULELE,5,13,614,0,1,1,1,1.0,20,20,1,,,
qwen2.5:3b,5,non-ordered,trivial,direct,True,1.0,20,85114,CHARLIE ALPHA VICTOR,UKULELE,5,13,121,0,1,1,,1.0,20,20,0,,,
qwen2.5:3b,5,non-ordered,math_bench_2,cot,True,1.0,20,85149,DELTA JULIET MIKE,TANGERINE,5,14,747,0,1,0,1,0.0,0,20,1,,,
qwen2.5:3b,5,non-ordered,math_bench_2,direct,True,1.0,20,85149,DELTA JULIET MIKE,TANGERINE,5,14,208,0,1,1,,0.0,20,20,0,,,
qwen2.5:3b,5,non-ordered,math_bench_3,cot,True,1.0,20,85149,DELTA JULIET MIKE,TANGERINE,5,14,456,0,1,0,0,0.25,0,20,1,,,
qwen2.5:3b,5,non-ordered,math_bench_3,direct,True,1.0,20,85149,DELTA JULIET MIKE,TANGERINE,5,14,116,0,1,1,,0.25,17,20,0,,,
qwen2.5:3b,5,non-ordered,math_bench_4,cot,True,1.0,20,85149,DELTA JULIET MIKE,TANGERINE,5,14,1083,0,1,1,1,0.5,20,20,0,,,
qwen2.5:3b,5,non-ordered,math_bench_4,direct,True,1.0,20,85149,DELTA JULIET MIKE,TANGERINE,5,14,110,0,1,1,,0.0,20,20,0,,,
qwen2.5:3b,5,non-ordered,trivial,cot,True,1.0,20,86114,ZULU FOXTROT SIERRA,ALMOND,5,14,541,0,1,1,1,1.0,20,20,1,,,
qwen2.5:3b,5,non-ordered,trivial,direct,True,1.0,20,86114,ZULU FOXTROT SIERRA,ALMOND,5,14,134,0,1,1,,1.0,20,20,0,,,
qwen2.5:3b,5,non-ordered,math_bench_2,cot,True,1.0,20,86149,GOLF TANGO QUEBEC,ZUCCHINI,5,14,1138,0,1,1,1,0.75,20,20,0,,,
qwen2.5:3b,5,non-ordered,math_bench_2,direct,True,1.0,20,86149,GOLF TANGO QUEBEC,ZUCCHINI,5,14,108,0,1,1,,0.0,20,20,0,,,
qwen2.5:3b,5,non-ordered,math_bench_3,cot,True,1.0,20,86149,GOLF TANGO QUEBEC,ZUCCHINI,5,14,1220,0,1,1,1,0.5,20,20,0,,,
qwen2.5:3b,5,non-ordered,math_bench_3,direct,True,1.0,20,86149,GOLF TANGO QUEBEC,ZUCCHINI,5,14,148,0,1,1,,0.25,20,20,0,,,
qwen2.5:3b,5,non-ordered,math_bench_4,cot,True,1.0,20,86149,GOLF TANGO QUEBEC,ZUCCHINI,5,14,1050,0,1,1,1,0.0,20,20,0,,,
qwen2.5:3b,5,non-ordered,math_bench_4,direct,True,1.0,20,86149,GOLF TANGO QUEBEC,ZUCCHINI,5,14,112,0,1,1,,0.0,20,20,0,,,
qwen2.5:3b,5,non-ordered,trivial,cot,True,1.0,20,87114,SIERRA MIKE ECHO,SCARECROW,5,12,484,0,1,0,0,0.75,0,20,0,,,
qwen2.5:3b,5,non-ordered,trivial,direct,True,1.0,20,87114,SIERRA MIKE ECHO,SCARECROW,5,12,141,0,1,1,,1.0,20,20,0,,,
qwen2.5:3b,5,non-ordered,math_bench_2,cot,True,1.0,20,87149,INDIA NOVEMBER ALPHA,FALCON,5,15,608,0,1,0,0,0.0,0,20,1,,,
qwen2.5:3b,5,non-ordered,math_bench_2,direct,True,1.0,20,87149,INDIA NOVEMBER ALPHA,FALCON,5,15,228,0,1,1,,0.0,17,20,0,,,
qwen2.5:3b,5,non-ordered,math_bench_3,cot,True,1.0,20,87149,INDIA NOVEMBER ALPHA,FALCON,5,15,2025,0,1,1,0,0.5,20,20,0,,,
qwen2.5:3b,5,non-ordered,math_bench_3,direct,True,1.0,20,87149,INDIA NOVEMBER ALPHA,FALCON,5,15,106,0,1,1,,0.25,18,20,0,,,
qwen2.5:3b,5,non-ordered,math_bench_4,cot,True,1.0,20,87149,INDIA NOVEMBER ALPHA,FALCON,5,15,573,0,1,1,1,0.0,17,20,0,,,
qwen2.5:3b,5,non-ordered,math_bench_4,direct,True,1.0,20,87149,INDIA NOVEMBER ALPHA,FALCON,5,15,118,0,1,1,,0.25,7,20,0,,,
qwen2.5:3b,5,non-ordered,trivial,cot,True,1.0,20,88114,FOXTROT INDIA LIMA,CATAPULT,5,10,531,0,1,1,1,1.0,20,20,0,,,
qwen2.5:3b,5,non-ordered,trivial,direct,True,1.0,20,88114,FOXTROT INDIA LIMA,CATAPULT,5,10,139,0,1,1,,1.0,20,20,0,,,
qwen2.5:3b,5,non-ordered,math_bench_2,cot,True,1.0,20,88149,PAPA NOVEMBER JULIET,ZUCCHINI,5,12,1121,0,1,1,1,0.25,20,20,0,,,
qwen2.5:3b,5,non-ordered,math_bench_2,direct,True,1.0,20,88149,PAPA NOVEMBER JULIET,ZUCCHINI,5,12,111,0,1,1,,0.25,20,20,0,,,
qwen2.5:3b,5,non-ordered,math_bench_3,cot,True,1.0,20,88149,PAPA NOVEMBER JULIET,ZUCCHINI,5,12,1739,0,1,1,1,0.0,17,20,0,,,
qwen2.5:3b,5,non-ordered,math_bench_3,direct,True,1.0,20,88149,PAPA NOVEMBER JULIET,ZUCCHINI,5,12,112,0,1,1,,0.25,20,20,0,,,
qwen2.5:3b,5,non-ordered,math_bench_4,cot,True,1.0,20,88149,PAPA NOVEMBER JULIET,ZUCCHINI,5,12,2231,0,1,1,1,0.5,20,20,0,,,
qwen2.5:3b,5,non-ordered,math_bench_4,direct,True,1.0,20,88149,PAPA NOVEMBER JULIET,ZUCCHINI,5,12,150,0,1,1,,0.0,20,20,0,,,
qwen2.5:3b,5,non-ordered,trivial,cot,True,1.0,20,89114,UNIFORM OSCAR HOTEL,CENTIPEDE,5,14,604,0,1,1,1,1.0,20,20,0,,,
qwen2.5:3b,5,non-ordered,trivial,direct,True,1.0,20,89114,UNIFORM OSCAR HOTEL,CENTIPEDE,5,14,226,0,1,1,,1.0,20,20,0,,,
qwen2.5:3b,5,non-ordered,math_bench_2,cot,True,1.0,20,89149,ZULU ECHO JULIET,GAZEBO,5,15,631,0,1,1,0,0.75,20,20,1,,,
qwen2.5:3b,5,non-ordered,math_bench_2,direct,True,1.0,20,89149,ZULU ECHO JULIET,GAZEBO,5,15,106,0,1,1,,0.0,17,20,0,,,
qwen2.5:3b,5,non-ordered,math_bench_3,cot,True,1.0,20,89149,ZULU ECHO JULIET,GAZEBO,5,15,849,0,1,1,1,0.75,20,20,0,,,
qwen2.5:3b,5,non-ordered,math_bench_3,direct,True,1.0,20,89149,ZULU ECHO JULIET,GAZEBO,5,15,106,0,1,1,,0.25,20,20,0,,,
qwen2.5:3b,5,non-ordered,math_bench_4,cot,True,1.0,20,89149,ZULU ECHO JULIET,GAZEBO,5,15,1096,0,1,1,1,0.0,20,20,0,,,
qwen2.5:3b,5,non-ordered,math_bench_4,direct,True,1.0,20,89149,ZULU ECHO JULIET,GAZEBO,5,15,163,0,1,1,,0.0,20,20,0,,,
qwen2.5:3b,5,non-ordered,trivial,cot,True,1.0,20,90114,DELTA ALPHA HOTEL,QUILT,5,15,504,0,1,1,1,1.0,20,20,1,,,
qwen2.5:3b,5,non-ordered,trivial,direct,True,1.0,20,90114,DELTA ALPHA HOTEL,QUILT,5,15,134,0,1,1,,1.0,20,20,0,,,
qwen2.5:3b,5,non-ordered,math_bench_2,cot,True,1.0,20,90149,ZULU YANKEE TANGO,PISTACHIO,5,12,1384,0,1,0,1,0.5,6,20,0,,,
qwen2.5:3b,5,non-ordered,math_bench_2,direct,True,1.0,20,90149,ZULU YANKEE TANGO,PISTACHIO,5,12,111,0,1,0,,0.25,5,20,0,,,
qwen2.5:3b,5,non-ordered,math_bench_3,cot,True,1.0,20,90149,ZULU YANKEE TANGO,PISTACHIO,5,12,1871,0,0,0,1,0.5,,,,,,
qwen2.5:3b,5,non-ordered,math_bench_3,direct,True,1.0,20,90149,ZULU YANKEE TANGO,PISTACHIO,5,12,107,0,1,0,,0.0,0,20,0,,,
qwen2.5:3b,5,non-ordered,math_bench_4,cot,True,1.0,20,90149,ZULU YANKEE TANGO,PISTACHIO,5,12,1066,0,1,1,1,0.5,20,20,0,,,
qwen2.5:3b,5,non-ordered,math_bench_4,direct,True,1.0,20,90149,ZULU YANKEE TANGO,PISTACHIO,5,12,107,0,1,0,,0.5,0,20,0,,,
qwen2.5:3b,5,non-ordered,trivial,cot,True,1.0,20,91114,FOXTROT LIMA CHARLIE,JIGSAW,5,12,810,0,1,1,1,0.75,20,20,0,,,
qwen2.5:3b,5,non-ordered,trivial,direct,True,1.0,20,91114,FOXTROT LIMA CHARLIE,JIGSAW,5,12,136,0,1,1,,1.0,20,20,0,,,
qwen2.5:3b,5,non-ordered,math_bench_2,cot,True,1.0,20,91149,PAPA JULIET ALPHA,QUICKSAND,5,15,1325,0,1,1,1,0.5,20,20,0,,,
qwen2.5:3b,5,non-ordered,math_bench_2,direct,True,1.0,20,91149,PAPA JULIET ALPHA,QUICKSAND,5,15,111,0,1,1,,0.0,20,20,0,,,
qwen2.5:3b,5,non-ordered,math_bench_3,cot,True,1.0,20,91149,PAPA JULIET ALPHA,QUICKSAND,5,15,865,0,1,1,0,0.5,18,20,0,,,
qwen2.5:3b,5,non-ordered,math_bench_3,direct,True,1.0,20,91149,PAPA JULIET ALPHA,QUICKSAND,5,15,73,0,1,0,,0.0,18,20,0,,,
qwen2.5:3b,5,non-ordered,math_bench_4,cot,True,1.0,20,91149,PAPA JULIET ALPHA,QUICKSAND,5,15,1116,0,1,0,0,0.0,5,20,0,,,
qwen2.5:3b,5,non-ordered,math_bench_4,direct,True,1.0,20,91149,PAPA JULIET ALPHA,QUICKSAND,5,15,113,0,1,1,,0.0,20,20,0,,,
qwen2.5:3b,5,non-ordered,trivial,cot,True,1.0,20,92114,FOXTROT SIERRA OSCAR,PUMPKIN,5,10,357,0,1,1,1,0.5,20,20,0,,,
qwen2.5:3b,5,non-ordered,trivial,direct,True,1.0,20,92114,FOXTROT SIERRA OSCAR,PUMPKIN,5,10,124,0,1,1,,1.0,20,20,0,,,
qwen2.5:3b,5,non-ordered,math_bench_2,cot,True,1.0,20,92149,ALPHA HOTEL JULIET,ZIGZAG,5,15,808,0,1,1,0,0.5,3,20,0,,,
qwen2.5:3b,5,non-ordered,math_bench_2,direct,True,1.0,20,92149,ALPHA HOTEL JULIET,ZIGZAG,5,15,74,0,1,0,,0.5,5,20,0,,,
qwen2.5:3b,5,non-ordered,math_bench_3,cot,True,1.0,20,92149,ALPHA HOTEL JULIET,ZIGZAG,5,15,1911,0,1,1,1,0.5,9,20,0,,,
qwen2.5:3b,5,non-ordered,math_bench_3,direct,True,1.0,20,92149,ALPHA HOTEL JULIET,ZIGZAG,5,15,116,0,1,0,,0.0,1,20,0,,,
qwen2.5:3b,5,non-ordered,math_bench_4,cot,True,1.0,20,92149,ALPHA HOTEL JULIET,ZIGZAG,5,15,2384,1,0,0,0,0.0,,,,,,
qwen2.5:3b,5,non-ordered,math_bench_4,direct,True,1.0,20,92149,ALPHA HOTEL JULIET,ZIGZAG,5,15,108,0,1,1,,0.25,17,20,0,,,
qwen2.5:3b,5,non-ordered,trivial,cot,True,1.0,20,93114,XRAY NOVEMBER VICTOR,FERRET,5,12,422,0,1,0,1,0.75,18,20,0,,,
qwen2.5:3b,5,non-ordered,trivial,direct,True,1.0,20,93114,XRAY NOVEMBER VICTOR,FERRET,5,12,186,0,1,1,,1.0,20,20,0,,,
qwen2.5:3b,5,non-ordered,math_bench_2,cot,True,1.0,20,93149,LIMA ECHO ALPHA,DAFFODIL,5,14,1319,0,1,1,1,0.0,19,20,0,,,
qwen2.5:3b,5,non-ordered,math_bench_2,direct,True,1.0,20,93149,LIMA ECHO ALPHA,DAFFODIL,5,14,108,0,1,1,,0.0,20,20,0,,,
qwen2.5:3b,5,non-ordered,math_bench_3,cot,True,1.0,20,93149,LIMA ECHO ALPHA,DAFFODIL,5,14,1034,0,1,1,0,0.25,18,20,0,,,
qwen2.5:3b,5,non-ordered,math_bench_3,direct,True,1.0,20,93149,LIMA ECHO ALPHA,DAFFODIL,5,14,106,0,1,1,,0.5,20,20,0,,,
qwen2.5:3b,5,non-ordered,math_bench_4,cot,True,1.0,20,93149,LIMA ECHO ALPHA,DAFFODIL,5,14,1174,0,1,1,0,0.5,14,20,0,,,
qwen2.5:3b,5,non-ordered,math_bench_4,direct,True,1.0,20,93149,LIMA ECHO ALPHA,DAFFODIL,5,14,176,0,1,1,,0.25,20,20,0,,,
qwen2.5:3b,5,non-ordered,trivial,cot,True,1.0,20,94114,GOLF SIERRA ZULU,DANDELION,5,14,564,0,1,1,1,0.5,20,20,0,,,
qwen2.5:3b,5,non-ordered,trivial,direct,True,1.0,20,94114,GOLF SIERRA ZULU,DANDELION,5,14,121,0,1,1,,1.0,20,20,0,,,
qwen2.5:3b,5,non-ordered,math_bench_2,cot,True,1.0,20,94149,NOVEMBER VICTOR QUEBEC,LANTERN,5,10,799,0,1,1,0,0.5,2,20,0,,,
qwen2.5:3b,5,non-ordered,math_bench_2,direct,True,1.0,20,94149,NOVEMBER VICTOR QUEBEC,LANTERN,5,10,170,0,1,1,,0.5,20,20,0,,,
qwen2.5:3b,5,non-ordered,math_bench_3,cot,True,1.0,20,94149,NOVEMBER VICTOR QUEBEC,LANTERN,5,10,1119,0,1,1,0,0.5,2,20,0,,,
qwen2.5:3b,5,non-ordered,math_bench_3,direct,True,1.0,20,94149,NOVEMBER VICTOR QUEBEC,LANTERN,5,10,216,0,1,1,,0.0,20,20,0,,,
qwen2.5:3b,5,non-ordered,math_bench_4,cot,True,1.0,20,94149,NOVEMBER VICTOR QUEBEC,LANTERN,5,10,1225,0,1,0,0,0.5,0,20,0,,,
qwen2.5:3b,5,non-ordered,math_bench_4,direct,True,1.0,20,94149,NOVEMBER VICTOR QUEBEC,LANTERN,5,10,184,0,1,1,,0.25,20,20,0,,,
qwen2.5:3b,5,non-ordered,trivial,cot,True,1.0,20,95114,LIMA DELTA SIERRA,HEDGEHOG,5,11,292,0,1,1,1,0.75,20,20,0,,,
qwen2.5:3b,5,non-ordered,trivial,direct,True,1.0,20,95114,LIMA DELTA SIERRA,HEDGEHOG,5,11,205,0,1,1,,0.75,20,20,0,,,
qwen2.5:3b,5,non-ordered,math_bench_2,cot,True,1.0,20,95149,KILO XRAY CHARLIE,OPAL,5,12,567,0,1,0,0,0.5,0,20,0,,,
qwen2.5:3b,5,non-ordered,math_bench_2,direct,True,1.0,20,95149,KILO XRAY CHARLIE,OPAL,5,12,154,0,1,1,,0.25,7,20,0,,,
qwen2.5:3b,5,non-ordered,math_bench_3,cot,True,1.0,20,95149,KILO XRAY CHARLIE,OPAL,5,12,1841,0,1,1,1,0.25,20,20,0,,,
qwen2.5:3b,5,non-ordered,math_bench_3,direct,True,1.0,20,95149,KILO XRAY CHARLIE,OPAL,5,12,102,0,1,0,,0.25,10,20,0,,,
qwen2.5:3b,5,non-ordered,math_bench_4,cot,True,1.0,20,95149,KILO XRAY CHARLIE,OPAL,5,12,1241,0,1,1,1,0.25,0,20,0,,,
qwen2.5:3b,5,non-ordered,math_bench_4,direct,True,1.0,20,95149,KILO XRAY CHARLIE,OPAL,5,12,150,0,1,1,,0.0,7,20,0,,,
qwen2.5:3b,5,non-ordered,trivial,cot,True,1.0,20,96114,HOTEL LIMA UNIFORM,VELVET,5,15,694,0,1,1,1,1.0,20,20,0,,,
qwen2.5:3b,5,non-ordered,trivial,direct,True,1.0,20,96114,HOTEL LIMA UNIFORM,VELVET,5,15,121,0,1,1,,1.0,20,20,0,,,
qwen2.5:3b,5,non-ordered,math_bench_2,cot,True,1.0,20,96149,YANKEE MIKE PAPA,IGLOO,5,15,927,0,1,1,1,0.0,20,20,0,,,
qwen2.5:3b,5,non-ordered,math_bench_2,direct,True,1.0,20,96149,YANKEE MIKE PAPA,IGLOO,5,15,108,0,1,1,,0.0,20,20,0,,,
qwen2.5:3b,5,non-ordered,math_bench_3,cot,True,1.0,20,96149,YANKEE MIKE PAPA,IGLOO,5,15,795,0,1,1,1,0.25,20,20,0,,,
qwen2.5:3b,5,non-ordered,math_bench_3,direct,True,1.0,20,96149,YANKEE MIKE PAPA,IGLOO,5,15,108,0,1,1,,0.0,20,20,0,,,
qwen2.5:3b,5,non-ordered,math_bench_4,cot,True,1.0,20,96149,YANKEE MIKE PAPA,IGLOO,5,15,1969,1,1,0,0,0.0,1,20,0,,,
qwen2.5:3b,5,non-ordered,math_bench_4,direct,True,1.0,20,96149,YANKEE MIKE PAPA,IGLOO,5,15,171,0,1,1,,0.0,20,20,0,,,
qwen2.5:3b,5,non-ordered,trivial,cot,True,1.0,20,97114,WHISKEY NOVEMBER HOTEL,ZIGZAG,5,13,615,0,1,1,1,1.0,20,20,0,,,
qwen2.5:3b,5,non-ordered,trivial,direct,True,1.0,20,97114,WHISKEY NOVEMBER HOTEL,ZIGZAG,5,13,222,0,1,1,,1.0,20,20,0,,,
qwen2.5:3b,5,non-ordered,math_bench_2,cot,True,1.0,20,97149,PAPA INDIA DELTA,ORIGAMI,5,15,2134,0,0,0,0,0.0,,,,,,
qwen2.5:3b,5,non-ordered,math_bench_2,direct,True,1.0,20,97149,PAPA INDIA DELTA,ORIGAMI,5,15,118,0,1,1,,0.25,19,20,0,,,
qwen2.5:3b,5,non-ordered,math_bench_3,cot,True,1.0,20,97149,PAPA INDIA DELTA,ORIGAMI,5,15,1855,0,1,1,1,0.0,20,20,0,,,
qwen2.5:3b,5,non-ordered,math_bench_3,direct,True,1.0,20,97149,PAPA INDIA DELTA,ORIGAMI,5,15,106,0,1,1,,0.5,20,20,0,,,
qwen2.5:3b,5,non-ordered,math_bench_4,cot,True,1.0,20,97149,PAPA INDIA DELTA,ORIGAMI,5,15,1503,0,1,1,1,0.0,20,20,0,,,
qwen2.5:3b,5,non-ordered,math_bench_4,direct,True,1.0,20,97149,PAPA INDIA DELTA,ORIGAMI,5,15,105,0,1,1,,0.25,20,20,0,,,
qwen2.5:3b,5,non-ordered,trivial,cot,True,1.0,20,98114,TANGO GOLF QUEBEC,ZUCCHINI,5,7,510,0,1,1,1,1.0,20,20,0,,,
qwen2.5:3b,5,non-ordered,trivial,direct,True,1.0,20,98114,TANGO GOLF QUEBEC,ZUCCHINI,5,7,124,0,1,1,,1.0,20,20,0,,,
qwen2.5:3b,5,non-ordered,math_bench_2,cot,True,1.0,20,98149,OSCAR KILO ROMEO,QUILT,5,12,1239,0,1,1,1,0.0,16,20,0,,,
qwen2.5:3b,5,non-ordered,math_bench_2,direct,True,1.0,20,98149,OSCAR KILO ROMEO,QUILT,5,12,106,0,1,1,,0.0,20,20,0,,,
qwen2.5:3b,5,non-ordered,math_bench_3,cot,True,1.0,20,98149,OSCAR KILO ROMEO,QUILT,5,12,479,0,1,0,0,0.0,0,20,1,,,
qwen2.5:3b,5,non-ordered,math_bench_3,direct,True,1.0,20,98149,OSCAR KILO ROMEO,QUILT,5,12,106,0,1,1,,0.0,20,20,0,,,
qwen2.5:3b,5,non-ordered,math_bench_4,cot,True,1.0,20,98149,OSCAR KILO ROMEO,QUILT,5,12,397,0,1,0,1,0.0,11,20,0,,,
qwen2.5:3b,5,non-ordered,math_bench_4,direct,True,1.0,20,98149,OSCAR KILO ROMEO,QUILT,5,12,180,0,1,1,,0.25,20,20,0,,,
qwen2.5:3b,5,non-ordered,trivial,cot,True,1.0,20,99114,QUEBEC LIMA ZULU,CATAPULT,5,12,417,0,1,1,1,0.5,20,20,0,,,
qwen2.5:3b,5,non-ordered,trivial,direct,True,1.0,20,99114,QUEBEC LIMA ZULU,CATAPULT,5,12,217,0,1,1,,1.0,20,20,0,,,
qwen2.5:3b,5,non-ordered,math_bench_2,cot,True,1.0,20,99149,LIMA ZULU PAPA,VINEYARD,5,14,559,0,1,1,1,0.5,20,20,0,,,
qwen2.5:3b,5,non-ordered,math_bench_2,direct,True,1.0,20,99149,LIMA ZULU PAPA,VINEYARD,5,14,125,0,1,1,,0.25,20,20,0,,,
qwen2.5:3b,5,non-ordered,math_bench_3,cot,True,1.0,20,99149,LIMA ZULU PAPA,VINEYARD,5,14,434,0,1,0,0,0.0,0,20,1,,,
qwen2.5:3b,5,non-ordered,math_bench_3,direct,True,1.0,20,99149,LIMA ZULU PAPA,VINEYARD,5,14,108,0,1,1,,0.25,20,20,0,,,
qwen2.5:3b,5,non-ordered,math_bench_4,cot,True,1.0,20,99149,LIMA ZULU PAPA,VINEYARD,5,14,573,0,1,1,1,0.0,20,20,0,,,
qwen2.5:3b,5,non-ordered,math_bench_4,direct,True,1.0,20,99149,LIMA ZULU PAPA,VINEYARD,5,14,109,0,1,1,,0.5,20,20,0,,,
