model,n_tasks,naming,t1_load,regime,passphrase_last,base_temp,probe_k,seed,t2_phrase,t2_task_name,t2_rank,t2_abs_index,cot_len_chars,base_output_truncated,has_fork_point,realized_report_contains,realized_t2_in_cot,report_s,report_k,report_degenerate,access_s,access_k,access_degenerate
gemma2:2b,5,non-ordered,trivial,cot,True,1.0,20,114,HOTEL SIERRA DELTA,INKWELL,5,14,592,0,1,1,1,20,20,0,11,20,0
gemma2:2b,5,non-ordered,trivial,direct,True,1.0,20,114,HOTEL SIERRA DELTA,INKWELL,5,14,152,0,1,0,,19,20,0,,,
gemma2:2b,5,non-ordered,semantic_2,cot,True,1.0,20,135,VICTOR LIMA UNIFORM,PYRAMID,5,13,791,0,1,0,1,0,20,0,7,20,0
gemma2:2b,5,non-ordered,semantic_2,direct,True,1.0,20,135,VICTOR LIMA UNIFORM,PYRAMID,5,13,365,0,1,1,,13,20,0,,,
gemma2:2b,5,non-ordered,semantic_4,cot,True,1.0,20,135,VICTOR LIMA UNIFORM,PYRAMID,5,13,593,0,1,0,0,11,20,0,9,20,0
gemma2:2b,5,non-ordered,semantic_4,direct,True,1.0,20,135,VICTOR LIMA UNIFORM,PYRAMID,5,13,263,0,1,1,,10,20,0,,,
gemma2:2b,5,non-ordered,trivial,cot,True,1.0,20,1114,QUEBEC INDIA OSCAR,DAFFODIL,5,14,507,0,1,1,0,20,20,0,7,20,0
gemma2:2b,5,non-ordered,trivial,direct,True,1.0,20,1114,QUEBEC INDIA OSCAR,DAFFODIL,5,14,550,0,1,0,,14,20,0,,,
gemma2:2b,5,non-ordered,semantic_2,cot,True,1.0,20,1135,ROMEO OSCAR ECHO,GONDOLA,5,15,768,0,1,1,0,20,20,0,7,20,0
gemma2:2b,5,non-ordered,semantic_2,direct,True,1.0,20,1135,ROMEO OSCAR ECHO,GONDOLA,5,15,133,0,1,1,,19,20,0,,,
gemma2:2b,5,non-ordered,semantic_4,cot,True,1.0,20,1135,ROMEO OSCAR ECHO,GONDOLA,5,15,1270,0,1,1,1,17,20,0,4,20,0
gemma2:2b,5,non-ordered,semantic_4,direct,True,1.0,20,1135,ROMEO OSCAR ECHO,GONDOLA,5,15,139,0,1,1,,18,20,0,,,
gemma2:2b,5,non-ordered,trivial,cot,True,1.0,20,2114,HOTEL GOLF VICTOR,QUARRY,5,15,367,0,1,0,0,1,20,0,5,20,0
gemma2:2b,5,non-ordered,trivial,direct,True,1.0,20,2114,HOTEL GOLF VICTOR,QUARRY,5,15,133,0,1,1,,20,20,0,,,
gemma2:2b,5,non-ordered,semantic_2,cot,True,1.0,20,2135,TANGO ALPHA YANKEE,HEDGEHOG,5,15,669,0,1,0,0,2,20,0,11,20,0
gemma2:2b,5,non-ordered,semantic_2,direct,True,1.0,20,2135,TANGO ALPHA YANKEE,HEDGEHOG,5,15,112,0,1,1,,18,20,0,,,
gemma2:2b,5,non-ordered,semantic_4,cot,True,1.0,20,2135,TANGO ALPHA YANKEE,HEDGEHOG,5,15,749,0,1,1,0,19,20,0,13,20,0
gemma2:2b,5,non-ordered,semantic_4,direct,True,1.0,20,2135,TANGO ALPHA YANKEE,HEDGEHOG,5,15,138,0,1,1,,18,20,0,,,
gemma2:2b,5,non-ordered,trivial,cot,True,1.0,20,3114,HOTEL INDIA ROMEO,SAXOPHONE,5,13,323,0,1,0,0,0,20,0,12,20,0
gemma2:2b,5,non-ordered,trivial,direct,True,1.0,20,3114,HOTEL INDIA ROMEO,SAXOPHONE,5,13,215,0,1,1,,19,20,0,,,
gemma2:2b,5,non-ordered,semantic_2,cot,True,1.0,20,3135,NOVEMBER SIERRA ROMEO,PLATYPUS,5,15,568,0,1,1,1,20,20,0,9,20,0
gemma2:2b,5,non-ordered,semantic_2,direct,True,1.0,20,3135,NOVEMBER SIERRA ROMEO,PLATYPUS,5,15,154,0,1,0,,16,20,0,,,
gemma2:2b,5,non-ordered,semantic_4,cot,True,1.0,20,3135,NOVEMBER SIERRA ROMEO,PLATYPUS,5,15,560,0,1,0,0,8,20,0,9,20,0
gemma2:2b,5,non-ordered,semantic_4,direct,True,1.0,20,3135,NOVEMBER SIERRA ROMEO,PLATYPUS,5,15,139,0,1,1,,16,20,0,,,
gemma2:2b,5,non-ordered,trivial,cot,True,1.0,20,4114,ALPHA XRAY WHISKEY,HAMMOCK,5,15,513,0,1,1,1,20,20,0,7,20,0
gemma2:2b,5,non-ordered,trivial,direct,True,1.0,20,4114,ALPHA XRAY WHISKEY,HAMMOCK,5,15,131,0,1,1,,19,20,0,,,
gemma2:2b,5,non-ordered,semantic_2,cot,True,1.0,20,4135,INDIA WHISKEY VICTOR,URCHIN,5,11,908,0,1,0,0,3,20,0,9,20,0
gemma2:2b,5,non-ordered,semantic_2,direct,True,1.0,20,4135,INDIA WHISKEY VICTOR,URCHIN,5,11,121,0,1,0,,15,20,0,,,
gemma2:2b,5,non-ordered,semantic_4,cot,True,1.0,20,4135,INDIA WHISKEY VICTOR,URCHIN,5,11,321,0,1,0,0,9,20,0,9,20,0
gemma2:2b,5,non-ordered,semantic_4,direct,True,1.0,20,4135,INDIA WHISKEY VICTOR,URCHIN,5,11,194,0,1,0,,17,20,0,,,
gemma2:2b,5,non-ordered,trivial,cot,True,1.0,20,5114,GOLF QUEBEC OSCAR,BLIZZARD,5,14,527,0,1,0,0,0,20,0,10,20,0
gemma2:2b,5,non-ordered,trivial,direct,True,1.0,20,5114,GOLF QUEBEC OSCAR,BLIZZARD,5,14,170,0,1,1,,20,20,0,,,
gemma2:2b,5,non-ordered,semantic_2,cot,True,1.0,20,5135,INDIA HOTEL QUEBEC,TAPESTRY,5,13,2344,0,1,0,0,0,20,0,13,20,0
gemma2:2b,5,non-ordered,semantic_2,direct,True,1.0,20,5135,INDIA HOTEL QUEBEC,TAPESTRY,5,13,100,0,1,0,,0,20,0,,,
gemma2:2b,5,non-ordered,semantic_4,cot,True,1.0,20,5135,INDIA HOTEL QUEBEC,TAPESTRY,5,13,1261,0,1,0,0,0,20,0,6,20,0
gemma2:2b,5,non-ordered,semantic_4,direct,True,1.0,20,5135,INDIA HOTEL QUEBEC,TAPESTRY,5,13,95,0,1,0,,7,20,0,,,
gemma2:2b,5,non-ordered,trivial,cot,True,1.0,20,6114,CHARLIE SIERRA ECHO,CACTUS,5,14,716,0,1,0,1,20,20,0,11,20,0
gemma2:2b,5,non-ordered,trivial,direct,True,1.0,20,6114,CHARLIE SIERRA ECHO,CACTUS,5,14,131,0,1,1,,20,20,0,,,
gemma2:2b,5,non-ordered,semantic_2,cot,True,1.0,20,6135,ALPHA CHARLIE BRAVO,KAYAK,5,15,349,0,1,0,0,0,20,0,9,20,0
gemma2:2b,5,non-ordered,semantic_2,direct,True,1.0,20,6135,ALPHA CHARLIE BRAVO,KAYAK,5,15,136,0,1,1,,20,20,0,,,
gemma2:2b,5,non-ordered,semantic_4,cot,True,1.0,20,6135,ALPHA CHARLIE BRAVO,KAYAK,5,15,1230,0,1,1,1,10,20,0,3,20,0
gemma2:2b,5,non-ordered,semantic_4,direct,True,1.0,20,6135,ALPHA CHARLIE BRAVO,KAYAK,5,15,140,0,1,1,,17,20,0,,,
gemma2:2b,5,non-ordered,trivial,cot,True,1.0,20,7114,HOTEL PAPA FOXTROT,VINEYARD,5,15,694,0,1,1,0,13,20,0,6,20,0
gemma2:2b,5,non-ordered,trivial,direct,True,1.0,20,7114,HOTEL PAPA FOXTROT,VINEYARD,5,15,97,0,1,0,,12,20,0,,,
gemma2:2b,5,non-ordered,semantic_2,cot,True,1.0,20,7135,XRAY KILO FOXTROT,METRONOME,5,11,1154,0,1,1,1,20,20,0,7,20,0
gemma2:2b,5,non-ordered,semantic_2,direct,True,1.0,20,7135,XRAY KILO FOXTROT,METRONOME,5,11,134,0,1,1,,18,20,0,,,
gemma2:2b,5,non-ordered,semantic_4,cot,True,1.0,20,7135,XRAY KILO FOXTROT,METRONOME,5,11,942,0,1,0,1,2,20,0,7,20,0
gemma2:2b,5,non-ordered,semantic_4,direct,True,1.0,20,7135,XRAY KILO FOXTROT,METRONOME,5,11,138,0,1,1,,19,20,0,,,
gemma2:2b,5,non-ordered,trivial,cot,True,1.0,20,8114,MIKE ECHO YANKEE,PYRAMID,5,12,490,0,1,1,1,20,20,0,9,20,0
gemma2:2b,5,non-ordered,trivial,direct,True,1.0,20,8114,MIKE ECHO YANKEE,PYRAMID,5,12,424,0,1,0,,18,20,0,,,
gemma2:2b,5,non-ordered,semantic_2,cot,True,1.0,20,8135,UNIFORM QUEBEC PAPA,QUIVER,5,15,740,0,1,0,0,8,20,0,6,20,0
gemma2:2b,5,non-ordered,semantic_2,direct,True,1.0,20,8135,UNIFORM QUEBEC PAPA,QUIVER,5,15,130,0,1,1,,11,20,0,,,
gemma2:2b,5,non-ordered,semantic_4,cot,True,1.0,20,8135,UNIFORM QUEBEC PAPA,QUIVER,5,15,500,0,1,0,0,0,20,0,6,20,0
gemma2:2b,5,non-ordered,semantic_4,direct,True,1.0,20,8135,UNIFORM QUEBEC PAPA,QUIVER,5,15,143,0,1,1,,18,20,0,,,
gemma2:2b,5,non-ordered,trivial,cot,True,1.0,20,9114,UNIFORM SIERRA KILO,ORCHID,5,15,701,0,1,0,0,0,20,0,5,20,0
gemma2:2b,5,non-ordered,trivial,direct,True,1.0,20,9114,UNIFORM SIERRA KILO,ORCHID,5,15,94,0,1,0,,16,20,0,,,
gemma2:2b,5,non-ordered,semantic_2,cot,True,1.0,20,9135,LIMA QUEBEC FOXTROT,SUNDIAL,5,11,934,0,1,0,0,0,20,0,6,20,0
gemma2:2b,5,non-ordered,semantic_2,direct,True,1.0,20,9135,LIMA QUEBEC FOXTROT,SUNDIAL,5,11,136,0,1,1,,17,20,0,,,
gemma2:2b,5,non-ordered,semantic_4,cot,True,1.0,20,9135,LIMA QUEBEC FOXTROT,SUNDIAL,5,11,944,0,1,0,0,0,20,0,6,20,0
gemma2:2b,5,non-ordered,semantic_4,direct,True,1.0,20,9135,LIMA QUEBEC FOXTROT,SUNDIAL,5,11,136,0,1,1,,19,20,0,,,
gemma2:2b,5,non-ordered,trivial,cot,True,1.0,20,10114,BRAVO QUEBEC INDIA,NUTMEG,5,14,336,0,1,0,0,0,20,0,7,20,0
gemma2:2b,5,non-ordered,trivial,direct,True,1.0,20,10114,BRAVO QUEBEC INDIA,NUTMEG,5,14,126,0,1,1,,19,20,0,,,
gemma2:2b,5,non-ordered,semantic_2,cot,True,1.0,20,10135,LIMA INDIA MIKE,PELICAN,5,15,354,0,1,0,0,5,20,0,9,20,0
gemma2:2b,5,non-ordered,semantic_2,direct,True,1.0,20,10135,LIMA INDIA MIKE,PELICAN,5,15,247,0,1,1,,19,20,0,,,
gemma2:2b,5,non-ordered,semantic_4,cot,True,1.0,20,10135,LIMA INDIA MIKE,PELICAN,5,15,805,0,1,1,1,20,20,0,8,20,0
gemma2:2b,5,non-ordered,semantic_4,direct,True,1.0,20,10135,LIMA INDIA MIKE,PELICAN,5,15,124,0,1,1,,19,20,0,,,
gemma2:2b,5,non-ordered,trivial,cot,True,1.0,20,11114,BRAVO SIERRA FOXTROT,HEDGEHOG,5,15,277,0,1,1,1,20,20,0,10,20,0
gemma2:2b,5,non-ordered,trivial,direct,True,1.0,20,11114,BRAVO SIERRA FOXTROT,HEDGEHOG,5,15,137,0,1,1,,18,20,0,,,
gemma2:2b,5,non-ordered,semantic_2,cot,True,1.0,20,11135,PAPA XRAY KILO,OPAL,5,12,772,0,1,0,0,16,20,0,10,20,0
gemma2:2b,5,non-ordered,semantic_2,direct,True,1.0,20,11135,PAPA XRAY KILO,OPAL,5,12,185,0,1,0,,16,20,0,,,
gemma2:2b,5,non-ordered,semantic_4,cot,True,1.0,20,11135,PAPA XRAY KILO,OPAL,5,12,1540,0,1,1,1,20,20,0,8,20,0
gemma2:2b,5,non-ordered,semantic_4,direct,True,1.0,20,11135,PAPA XRAY KILO,OPAL,5,12,127,0,1,1,,18,20,0,,,
gemma2:2b,5,non-ordered,trivial,cot,True,1.0,20,12114,JULIET CHARLIE ZULU,VINEYARD,5,14,586,0,1,0,0,0,20,0,13,20,0
gemma2:2b,5,non-ordered,trivial,direct,True,1.0,20,12114,JULIET CHARLIE ZULU,VINEYARD,5,14,136,0,1,1,,19,20,0,,,
gemma2:2b,5,non-ordered,semantic_2,cot,True,1.0,20,12135,JULIET GOLF INDIA,GARGOYLE,5,11,683,0,1,0,0,0,20,0,8,20,0
gemma2:2b,5,non-ordered,semantic_2,direct,True,1.0,20,12135,JULIET GOLF INDIA,GARGOYLE,5,11,146,0,1,1,,19,20,0,,,
gemma2:2b,5,non-ordered,semantic_4,cot,True,1.0,20,12135,JULIET GOLF INDIA,GARGOYLE,5,11,1530,0,1,1,1,20,20,0,7,20,0
gemma2:2b,5,non-ordered,semantic_4,direct,True,1.0,20,12135,JULIET GOLF INDIA,GARGOYLE,5,11,149,0,1,1,,19,20,0,,,
gemma2:2b,5,non-ordered,trivial,cot,True,1.0,20,13114,PAPA BRAVO JULIET,FIREFLY,5,15,847,0,1,0,0,0,20,0,5,20,0
gemma2:2b,5,non-ordered,trivial,direct,True,1.0,20,13114,PAPA BRAVO JULIET,FIREFLY,5,15,133,0,1,1,,19,20,0,,,
gemma2:2b,5,non-ordered,semantic_2,cot,True,1.0,20,13135,BRAVO ECHO SIERRA,TAPESTRY,5,15,626,0,1,0,0,10,20,0,4,20,0
gemma2:2b,5,non-ordered,semantic_2,direct,True,1.0,20,13135,BRAVO ECHO SIERRA,TAPESTRY,5,15,135,0,1,1,,16,20,0,,,
gemma2:2b,5,non-ordered,semantic_4,cot,True,1.0,20,13135,BRAVO ECHO SIERRA,TAPESTRY,5,15,2191,0,1,1,1,17,20,0,7,20,0
gemma2:2b,5,non-ordered,semantic_4,direct,True,1.0,20,13135,BRAVO ECHO SIERRA,TAPESTRY,5,15,98,0,1,0,,9,20,0,,,
gemma2:2b,5,non-ordered,trivial,cot,True,1.0,20,14114,ROMEO BRAVO LIMA,CACTUS,5,13,371,0,1,0,0,0,20,0,11,20,0
gemma2:2b,5,non-ordered,trivial,direct,True,1.0,20,14114,ROMEO BRAVO LIMA,CACTUS,5,13,128,0,1,1,,18,20,0,,,
gemma2:2b,5,non-ordered,semantic_2,cot,True,1.0,20,14135,PAPA JULIET UNIFORM,HARMONICA,5,15,808,0,1,1,0,19,20,0,9,20,0
gemma2:2b,5,non-ordered,semantic_2,direct,True,1.0,20,14135,PAPA JULIET UNIFORM,HARMONICA,5,15,149,0,1,1,,2,20,0,,,
gemma2:2b,5,non-ordered,semantic_4,cot,True,1.0,20,14135,PAPA JULIET UNIFORM,HARMONICA,5,15,977,0,1,1,1,17,20,0,10,20,0
gemma2:2b,5,non-ordered,semantic_4,direct,True,1.0,20,14135,PAPA JULIET UNIFORM,HARMONICA,5,15,141,0,1,1,,14,20,0,,,
gemma2:2b,5,non-ordered,trivial,cot,True,1.0,20,15114,BRAVO GOLF ALPHA,ANCHOVY,5,14,405,0,1,0,0,0,20,0,11,20,0
gemma2:2b,5,non-ordered,trivial,direct,True,1.0,20,15114,BRAVO GOLF ALPHA,ANCHOVY,5,14,138,0,1,1,,17,20,0,,,
gemma2:2b,5,non-ordered,semantic_2,cot,True,1.0,20,15135,ROMEO DELTA HOTEL,TOBOGGAN,5,15,372,0,1,1,1,13,20,0,5,20,0
gemma2:2b,5,non-ordered,semantic_2,direct,True,1.0,20,15135,ROMEO DELTA HOTEL,TOBOGGAN,5,15,133,0,1,1,,20,20,0,,,
gemma2:2b,5,non-ordered,semantic_4,cot,True,1.0,20,15135,ROMEO DELTA HOTEL,TOBOGGAN,5,15,873,0,1,1,0,10,20,0,4,20,0
gemma2:2b,5,non-ordered,semantic_4,direct,True,1.0,20,15135,ROMEO DELTA HOTEL,TOBOGGAN,5,15,146,0,1,1,,12,20,0,,,
gemma2:2b,5,non-ordered,trivial,cot,True,1.0,20,16114,LIMA DELTA JULIET,JIGSAW,5,15,414,0,1,0,0,0,20,0,3,20,0
gemma2:2b,5,non-ordered,trivial,direct,True,1.0,20,16114,LIMA DELTA JULIET,JIGSAW,5,15,125,0,1,1,,13,20,0,,,
gemma2:2b,5,non-ordered,semantic_2,cot,True,1.0,20,16135,ECHO QUEBEC TANGO,BLIZZARD,5,13,482,0,1,1,1,20,20,0,3,20,0
gemma2:2b,5,non-ordered,semantic_2,direct,True,1.0,20,16135,ECHO QUEBEC TANGO,BLIZZARD,5,13,137,0,1,1,,18,20,0,,,
gemma2:2b,5,non-ordered,semantic_4,cot,True,1.0,20,16135,ECHO QUEBEC TANGO,BLIZZARD,5,13,533,0,1,0,0,8,20,0,6,20,0
gemma2:2b,5,non-ordered,semantic_4,direct,True,1.0,20,16135,ECHO QUEBEC TANGO,BLIZZARD,5,13,157,0,1,1,,19,20,0,,,
gemma2:2b,5,non-ordered,trivial,cot,True,1.0,20,17114,GOLF BRAVO MIKE,CENTIPEDE,5,14,381,0,1,0,0,0,20,0,6,20,0
gemma2:2b,5,non-ordered,trivial,direct,True,1.0,20,17114,GOLF BRAVO MIKE,CENTIPEDE,5,14,146,0,1,1,,19,20,0,,,
gemma2:2b,5,non-ordered,semantic_2,cot,True,1.0,20,17135,XRAY ZULU ALPHA,EMERALD,5,10,1639,0,1,1,1,20,20,0,15,20,0
gemma2:2b,5,non-ordered,semantic_2,direct,True,1.0,20,17135,XRAY ZULU ALPHA,EMERALD,5,10,125,0,1,1,,17,20,0,,,
gemma2:2b,5,non-ordered,semantic_4,cot,True,1.0,20,17135,XRAY ZULU ALPHA,EMERALD,5,10,1541,0,1,1,1,1,20,0,17,20,0
gemma2:2b,5,non-ordered,semantic_4,direct,True,1.0,20,17135,XRAY ZULU ALPHA,EMERALD,5,10,140,0,1,1,,19,20,0,,,
gemma2:2b,5,non-ordered,trivial,cot,True,1.0,20,18114,ALPHA ZULU CHARLIE,INKWELL,5,14,472,0,1,1,0,19,20,0,11,20,0
gemma2:2b,5,non-ordered,trivial,direct,True,1.0,20,18114,ALPHA ZULU CHARLIE,INKWELL,5,14,151,0,1,1,,16,20,0,,,
gemma2:2b,5,non-ordered,semantic_2,cot,True,1.0,20,18135,VICTOR DELTA XRAY,ABACUS,5,15,1140,0,1,1,0,10,20,0,10,20,0
gemma2:2b,5,non-ordered,semantic_2,direct,True,1.0,20,18135,VICTOR DELTA XRAY,ABACUS,5,15,130,0,1,1,,17,20,0,,,
gemma2:2b,5,non-ordered,semantic_4,cot,True,1.0,20,18135,VICTOR DELTA XRAY,ABACUS,5,15,1525,0,1,1,1,19,20,0,4,20,0
gemma2:2b,5,non-ordered,semantic_4,direct,True,1.0,20,18135,VICTOR DELTA XRAY,ABACUS,5,15,102,0,1,0,,0,20,0,,,
gemma2:2b,5,non-ordered,trivial,cot,True,1.0,20,19114,TANGO MIKE YANKEE,GONDOLA,5,14,591,0,1,0,0,8,20,0,6,20,0
gemma2:2b,5,non-ordered,trivial,direct,True,1.0,20,19114,TANGO MIKE YANKEE,GONDOLA,5,14,131,0,1,1,,20,20,0,,,
gemma2:2b,5,non-ordered,semantic_2,cot,True,1.0,20,19135,GOLF OSCAR BRAVO,MONGOOSE,5,13,407,0,1,1,0,16,20,0,10,20,0
gemma2:2b,5,non-ordered,semantic_2,direct,True,1.0,20,19135,GOLF OSCAR BRAVO,MONGOOSE,5,13,185,0,1,0,,16,20,0,,,
gemma2:2b,5,non-ordered,semantic_4,cot,True,1.0,20,19135,GOLF OSCAR BRAVO,MONGOOSE,5,13,960,0,1,0,0,0,20,0,3,20,0
gemma2:2b,5,non-ordered,semantic_4,direct,True,1.0,20,19135,GOLF OSCAR BRAVO,MONGOOSE,5,13,91,0,1,0,,1,20,0,,,
gemma2:2b,5,non-ordered,trivial,cot,True,1.0,20,20114,WHISKEY FOXTROT NOVEMBER,GLACIER,5,12,759,0,1,1,1,20,20,0,15,20,0
gemma2:2b,5,non-ordered,trivial,direct,True,1.0,20,20114,WHISKEY FOXTROT NOVEMBER,GLACIER,5,12,137,0,1,1,,18,20,0,,,
gemma2:2b,5,non-ordered,semantic_2,cot,True,1.0,20,20135,GOLF ECHO NOVEMBER,FIREFLY,5,13,1613,0,1,1,1,20,20,0,13,20,0
gemma2:2b,5,non-ordered,semantic_2,direct,True,1.0,20,20135,GOLF ECHO NOVEMBER,FIREFLY,5,13,133,0,1,1,,16,20,0,,,
gemma2:2b,5,non-ordered,semantic_4,cot,True,1.0,20,20135,GOLF ECHO NOVEMBER,FIREFLY,5,13,1623,0,1,1,0,20,20,0,10,20,0
gemma2:2b,5,non-ordered,semantic_4,direct,True,1.0,20,20135,GOLF ECHO NOVEMBER,FIREFLY,5,13,227,0,1,0,,17,20,0,,,
gemma2:2b,5,non-ordered,trivial,cot,True,1.0,20,21114,BRAVO GOLF LIMA,ZUCCHINI,5,13,402,0,1,0,0,0,20,0,6,20,0
gemma2:2b,5,non-ordered,trivial,direct,True,1.0,20,21114,BRAVO GOLF LIMA,ZUCCHINI,5,13,126,0,1,1,,20,20,0,,,
gemma2:2b,5,non-ordered,semantic_2,cot,True,1.0,20,21135,QUEBEC HOTEL CHARLIE,TULIP,5,14,1101,0,0,0,0,,,,2,20,0
gemma2:2b,5,non-ordered,semantic_2,direct,True,1.0,20,21135,QUEBEC HOTEL CHARLIE,TULIP,5,14,194,0,1,0,,8,20,0,,,
gemma2:2b,5,non-ordered,semantic_4,cot,True,1.0,20,21135,QUEBEC HOTEL CHARLIE,TULIP,5,14,304,0,1,1,1,7,20,0,3,20,0
gemma2:2b,5,non-ordered,semantic_4,direct,True,1.0,20,21135,QUEBEC HOTEL CHARLIE,TULIP,5,14,131,0,1,1,,17,20,0,,,
gemma2:2b,5,non-ordered,trivial,cot,True,1.0,20,22114,GOLF MIKE WHISKEY,RHUBARB,5,12,641,0,1,1,1,20,20,0,8,20,0
gemma2:2b,5,non-ordered,trivial,direct,True,1.0,20,22114,GOLF MIKE WHISKEY,RHUBARB,5,12,173,0,1,1,,20,20,0,,,
gemma2:2b,5,non-ordered,semantic_2,cot,True,1.0,20,22135,FOXTROT KILO ALPHA,PLATYPUS,5,12,1212,0,1,1,1,18,20,0,9,20,0
gemma2:2b,5,non-ordered,semantic_2,direct,True,1.0,20,22135,FOXTROT KILO ALPHA,PLATYPUS,5,12,136,0,1,1,,13,20,0,,,
gemma2:2b,5,non-ordered,semantic_4,cot,True,1.0,20,22135,FOXTROT KILO ALPHA,PLATYPUS,5,12,1526,0,1,1,1,20,20,0,8,20,0
gemma2:2b,5,non-ordered,semantic_4,direct,True,1.0,20,22135,FOXTROT KILO ALPHA,PLATYPUS,5,12,131,0,1,1,,16,20,0,,,
gemma2:2b,5,non-ordered,trivial,cot,True,1.0,20,23114,KILO ALPHA VICTOR,QUIVER,5,10,860,0,1,0,0,0,20,0,10,20,0
gemma2:2b,5,non-ordered,trivial,direct,True,1.0,20,23114,KILO ALPHA VICTOR,QUIVER,5,10,131,0,1,1,,19,20,0,,,
gemma2:2b,5,non-ordered,semantic_2,cot,True,1.0,20,23135,VICTOR ALPHA ROMEO,TOBOGGAN,5,15,562,0,1,1,0,4,20,0,12,20,0
gemma2:2b,5,non-ordered,semantic_2,direct,True,1.0,20,23135,VICTOR ALPHA ROMEO,TOBOGGAN,5,15,133,0,1,1,,10,20,0,,,
gemma2:2b,5,non-ordered,semantic_4,cot,True,1.0,20,23135,VICTOR ALPHA ROMEO,TOBOGGAN,5,15,902,0,1,1,0,14,20,0,11,20,0
gemma2:2b,5,non-ordered,semantic_4,direct,True,1.0,20,23135,VICTOR ALPHA ROMEO,TOBOGGAN,5,15,130,0,1,1,,17,20,0,,,
gemma2:2b,5,non-ordered,trivial,cot,True,1.0,20,24114,WHISKEY UNIFORM ECHO,QUARRY,5,14,419,0,1,1,0,20,20,0,13,20,0
gemma2:2b,5,non-ordered,trivial,direct,True,1.0,20,24114,WHISKEY UNIFORM ECHO,QUARRY,5,14,478,0,1,1,,20,20,0,,,
gemma2:2b,5,non-ordered,semantic_2,cot,True,1.0,20,24135,ALPHA OSCAR MIKE,TOBOGGAN,5,14,608,0,1,0,0,1,20,0,7,20,0
gemma2:2b,5,non-ordered,semantic_2,direct,True,1.0,20,24135,ALPHA OSCAR MIKE,TOBOGGAN,5,14,145,0,1,1,,18,20,0,,,
gemma2:2b,5,non-ordered,semantic_4,cot,True,1.0,20,24135,ALPHA OSCAR MIKE,TOBOGGAN,5,14,957,0,1,1,1,19,20,0,7,20,0
gemma2:2b,5,non-ordered,semantic_4,direct,True,1.0,20,24135,ALPHA OSCAR MIKE,TOBOGGAN,5,14,142,0,1,1,,17,20,0,,,
gemma2:2b,5,non-ordered,trivial,cot,True,1.0,20,25114,HOTEL ROMEO NOVEMBER,KUMQUAT,5,11,1083,0,1,0,0,1,20,0,8,20,0
gemma2:2b,5,non-ordered,trivial,direct,True,1.0,20,25114,HOTEL ROMEO NOVEMBER,KUMQUAT,5,11,130,0,1,1,,20,20,0,,,
gemma2:2b,5,non-ordered,semantic_2,cot,True,1.0,20,25135,JULIET XRAY WHISKEY,KUMQUAT,5,10,1154,0,1,0,0,2,20,0,12,20,0
gemma2:2b,5,non-ordered,semantic_2,direct,True,1.0,20,25135,JULIET XRAY WHISKEY,KUMQUAT,5,10,147,0,1,1,,20,20,0,,,
gemma2:2b,5,non-ordered,semantic_4,cot,True,1.0,20,25135,JULIET XRAY WHISKEY,KUMQUAT,5,10,655,0,1,1,0,7,20,0,14,20,0
gemma2:2b,5,non-ordered,semantic_4,direct,True,1.0,20,25135,JULIET XRAY WHISKEY,KUMQUAT,5,10,195,0,1,0,,15,20,0,,,
gemma2:2b,5,non-ordered,trivial,cot,True,1.0,20,26114,BRAVO JULIET XRAY,EMERALD,5,15,724,0,1,0,0,0,20,0,9,20,0
gemma2:2b,5,non-ordered,trivial,direct,True,1.0,20,26114,BRAVO JULIET XRAY,EMERALD,5,15,130,0,1,1,,17,20,0,,,
gemma2:2b,5,non-ordered,semantic_2,cot,True,1.0,20,26135,INDIA ZULU UNIFORM,QUIVER,5,11,1121,0,1,1,1,20,20,0,8,20,0
gemma2:2b,5,non-ordered,semantic_2,direct,True,1.0,20,26135,INDIA ZULU UNIFORM,QUIVER,5,11,138,0,1,1,,18,20,0,,,
gemma2:2b,5,non-ordered,semantic_4,cot,True,1.0,20,26135,INDIA ZULU UNIFORM,QUIVER,5,11,683,0,1,1,1,20,20,0,12,20,0
gemma2:2b,5,non-ordered,semantic_4,direct,True,1.0,20,26135,INDIA ZULU UNIFORM,QUIVER,5,11,132,0,1,1,,18,20,0,,,
gemma2:2b,5,non-ordered,trivial,cot,True,1.0,20,27114,VICTOR XRAY LIMA,LANTERN,5,14,604,0,1,0,0,0,20,0,8,20,0
gemma2:2b,5,non-ordered,trivial,direct,True,1.0,20,27114,VICTOR XRAY LIMA,LANTERN,5,14,123,0,1,1,,20,20,0,,,
gemma2:2b,5,non-ordered,semantic_2,cot,True,1.0,20,27135,WHISKEY ECHO FOXTROT,CACTUS,5,14,901,0,1,1,0,20,20,0,11,20,0
gemma2:2b,5,non-ordered,semantic_2,direct,True,1.0,20,27135,WHISKEY ECHO FOXTROT,CACTUS,5,14,219,0,1,0,,18,20,0,,,
gemma2:2b,5,non-ordered,semantic_4,cot,True,1.0,20,27135,WHISKEY ECHO FOXTROT,CACTUS,5,14,786,0,1,0,0,20,20,0,8,20,0
gemma2:2b,5,non-ordered,semantic_4,direct,True,1.0,20,27135,WHISKEY ECHO FOXTROT,CACTUS,5,14,132,0,1,1,,19,20,0,,,
gemma2:2b,5,non-ordered,trivial,cot,True,1.0,20,28114,DELTA MIKE JULIET,EMERALD,5,14,401,0,1,0,0,0,20,0,7,20,0
gemma2:2b,5,non-ordered,trivial,direct,True,1.0,20,28114,DELTA MIKE JULIET,EMERALD,5,14,204,0,1,0,,20,20,0,,,
gemma2:2b,5,non-ordered,semantic_2,cot,True,1.0,20,28135,TANGO FOXTROT ROMEO,EGGPLANT,5,14,914,0,1,0,1,20,20,0,11,20,0
gemma2:2b,5,non-ordered,semantic_2,direct,True,1.0,20,28135,TANGO FOXTROT ROMEO,EGGPLANT,5,14,204,0,1,0,,5,20,0,,,
gemma2:2b,5,non-ordered,semantic_4,cot,True,1.0,20,28135,TANGO FOXTROT ROMEO,EGGPLANT,5,14,665,0,1,1,0,19,20,0,8,20,0
gemma2:2b,5,non-ordered,semantic_4,direct,True,1.0,20,28135,TANGO FOXTROT ROMEO,EGGPLANT,5,14,146,0,1,1,,10,20,0,,,
gemma2:2b,5,non-ordered,trivial,cot,True,1.0,20,29114,BRAVO HOTEL JULIET,IGLOO,5,14,518,0,1,0,0,1,20,0,7,20,0
gemma2:2b,5,non-ordered,trivial,direct,True,1.0,20,29114,BRAVO HOTEL JULIET,IGLOO,5,14,133,0,1,1,,17,20,0,,,
gemma2:2b,5,non-ordered,semantic_2,cot,True,1.0,20,29135,PAPA GOLF CHARLIE,SAXOPHONE,5,15,795,0,1,0,0,0,20,0,10,20,0
gemma2:2b,5,non-ordered,semantic_2,direct,True,1.0,20,29135,PAPA GOLF CHARLIE,SAXOPHONE,5,15,133,0,1,0,,13,20,0,,,
gemma2:2b,5,non-ordered,semantic_4,cot,True,1.0,20,29135,PAPA GOLF CHARLIE,SAXOPHONE,5,15,923,0,1,0,0,0,20,0,10,20,0
gemma2:2b,5,non-ordered,semantic_4,direct,True,1.0,20,29135,PAPA GOLF CHARLIE,SAXOPHONE,5,15,139,0,1,1,,19,20,0,,,
gemma2:2b,5,non-ordered,trivial,cot,True,1.0,20,30114,LIMA VICTOR UNIFORM,BLIZZARD,5,13,471,0,1,1,1,20,20,0,9,20,0
gemma2:2b,5,non-ordered,trivial,direct,True,1.0,20,30114,LIMA VICTOR UNIFORM,BLIZZARD,5,13,131,0,1,1,,20,20,0,,,
gemma2:2b,5,non-ordered,semantic_2,cot,True,1.0,20,30135,ECHO MIKE UNIFORM,PELICAN,5,13,426,0,1,1,0,17,20,0,7,20,0
gemma2:2b,5,non-ordered,semantic_2,direct,True,1.0,20,30135,ECHO MIKE UNIFORM,PELICAN,5,13,132,0,1,1,,16,20,0,,,
gemma2:2b,5,non-ordered,semantic_4,cot,True,1.0,20,30135,ECHO MIKE UNIFORM,PELICAN,5,13,588,0,1,0,0,0,20,0,8,20,0
gemma2:2b,5,non-ordered,semantic_4,direct,True,1.0,20,30135,ECHO MIKE UNIFORM,PELICAN,5,13,137,0,1,0,,20,20,0,,,
gemma2:2b,5,non-ordered,trivial,cot,True,1.0,20,31114,CHARLIE QUEBEC KILO,ICEBERG,5,14,346,0,1,0,0,1,20,0,7,20,0
gemma2:2b,5,non-ordered,trivial,direct,True,1.0,20,31114,CHARLIE QUEBEC KILO,ICEBERG,5,14,134,0,1,1,,20,20,0,,,
gemma2:2b,5,non-ordered,semantic_2,cot,True,1.0,20,31135,XRAY KILO PAPA,XYLOPHONE,5,13,683,0,1,1,0,5,20,0,4,20,0
gemma2:2b,5,non-ordered,semantic_2,direct,True,1.0,20,31135,XRAY KILO PAPA,XYLOPHONE,5,13,342,0,1,1,,19,20,0,,,
gemma2:2b,5,non-ordered,semantic_4,cot,True,1.0,20,31135,XRAY KILO PAPA,XYLOPHONE,5,13,594,0,1,1,0,18,20,0,9,20,0
gemma2:2b,5,non-ordered,semantic_4,direct,True,1.0,20,31135,XRAY KILO PAPA,XYLOPHONE,5,13,260,0,1,1,,19,20,0,,,
gemma2:2b,5,non-ordered,trivial,cot,True,1.0,20,32114,TANGO ZULU DELTA,ZEPPELIN,5,15,632,0,1,0,0,0,20,0,11,20,0
gemma2:2b,5,non-ordered,trivial,direct,True,1.0,20,32114,TANGO ZULU DELTA,ZEPPELIN,5,15,139,0,1,1,,20,20,0,,,
gemma2:2b,5,non-ordered,semantic_2,cot,True,1.0,20,32135,ROMEO BRAVO SIERRA,TULIP,5,12,865,0,1,1,1,20,20,0,13,20,0
gemma2:2b,5,non-ordered,semantic_2,direct,True,1.0,20,32135,ROMEO BRAVO SIERRA,TULIP,5,12,130,0,1,1,,20,20,0,,,
gemma2:2b,5,non-ordered,semantic_4,cot,True,1.0,20,32135,ROMEO BRAVO SIERRA,TULIP,5,12,1367,0,1,1,1,20,20,0,13,20,0
gemma2:2b,5,non-ordered,semantic_4,direct,True,1.0,20,32135,ROMEO BRAVO SIERRA,TULIP,5,12,188,0,1,0,,19,20,0,,,
gemma2:2b,5,non-ordered,trivial,cot,True,1.0,20,33114,INDIA OSCAR JULIET,VOLCANO,5,13,624,0,1,1,0,18,20,0,11,20,0
gemma2:2b,5,non-ordered,trivial,direct,True,1.0,20,33114,INDIA OSCAR JULIET,VOLCANO,5,13,123,0,1,1,,20,20,0,,,
gemma2:2b,5,non-ordered,semantic_2,cot,True,1.0,20,33135,TANGO YANKEE NOVEMBER,QUIVER,5,12,899,0,1,1,1,20,20,0,2,20,0
gemma2:2b,5,non-ordered,semantic_2,direct,True,1.0,20,33135,TANGO YANKEE NOVEMBER,QUIVER,5,12,129,0,1,1,,12,20,0,,,
gemma2:2b,5,non-ordered,semantic_4,cot,True,1.0,20,33135,TANGO YANKEE NOVEMBER,QUIVER,5,12,1053,0,1,0,0,0,20,0,10,20,0
gemma2:2b,5,non-ordered,semantic_4,direct,True,1.0,20,33135,TANGO YANKEE NOVEMBER,QUIVER,5,12,88,0,1,0,,6,20,0,,,
gemma2:2b,5,non-ordered,trivial,cot,True,1.0,20,34114,JULIET XRAY NOVEMBER,ALMOND,5,12,963,0,1,1,1,18,20,0,8,20,0
gemma2:2b,5,non-ordered,trivial,direct,True,1.0,20,34114,JULIET XRAY NOVEMBER,ALMOND,5,12,131,0,1,1,,20,20,0,,,
gemma2:2b,5,non-ordered,semantic_2,cot,True,1.0,20,34135,NOVEMBER JULIET SIERRA,ROOSTER,5,14,479,0,1,0,0,2,20,0,5,20,0
gemma2:2b,5,non-ordered,semantic_2,direct,True,1.0,20,34135,NOVEMBER JULIET SIERRA,ROOSTER,5,14,203,0,1,1,,19,20,0,,,
gemma2:2b,5,non-ordered,semantic_4,cot,True,1.0,20,34135,NOVEMBER JULIET SIERRA,ROOSTER,5,14,675,0,1,0,0,0,20,0,4,20,0
gemma2:2b,5,non-ordered,semantic_4,direct,True,1.0,20,34135,NOVEMBER JULIET SIERRA,ROOSTER,5,14,997,0,1,0,,11,20,0,,,
gemma2:2b,5,non-ordered,trivial,cot,True,1.0,20,35114,TANGO NOVEMBER WHISKEY,SCARECROW,5,14,433,0,1,0,0,0,20,0,4,20,0
gemma2:2b,5,non-ordered,trivial,direct,True,1.0,20,35114,TANGO NOVEMBER WHISKEY,SCARECROW,5,14,270,0,1,1,,19,20,0,,,
gemma2:2b,5,non-ordered,semantic_2,cot,True,1.0,20,35135,OSCAR ALPHA XRAY,WATERMELON,5,11,445,0,1,0,0,0,20,0,14,20,0
gemma2:2b,5,non-ordered,semantic_2,direct,True,1.0,20,35135,OSCAR ALPHA XRAY,WATERMELON,5,11,200,0,1,0,,18,20,0,,,
gemma2:2b,5,non-ordered,semantic_4,cot,True,1.0,20,35135,OSCAR ALPHA XRAY,WATERMELON,5,11,1031,0,1,1,1,20,20,0,10,20,0
gemma2:2b,5,non-ordered,semantic_4,direct,True,1.0,20,35135,OSCAR ALPHA XRAY,WATERMELON,5,11,148,0,1,1,,16,20,0,,,
gemma2:2b,5,non-ordered,trivial,cot,True,1.0,20,36114,ECHO SIERRA HOTEL,DUMPLING,5,14,649,0,1,1,1,20,20,0,11,20,0
gemma2:2b,5,non-ordered,trivial,direct,True,1.0,20,36114,ECHO SIERRA HOTEL,DUMPLING,5,14,137,0,1,1,,19,20,0,,,
gemma2:2b,5,non-ordered,semantic_2,cot,True,1.0,20,36135,FOXTROT PAPA MIKE,DANDELION,5,15,618,0,1,0,0,3,20,0,7,20,0
gemma2:2b,5,non-ordered,semantic_2,direct,True,1.0,20,36135,FOXTROT PAPA MIKE,DANDELION,5,15,142,0,1,1,,14,20,0,,,
gemma2:2b,5,non-ordered,semantic_4,cot,True,1.0,20,36135,FOXTROT PAPA MIKE,DANDELION,5,15,1712,0,1,1,1,20,20,0,10,20,0
gemma2:2b,5,non-ordered,semantic_4,direct,True,1.0,20,36135,FOXTROT PAPA MIKE,DANDELION,5,15,134,0,1,1,,14,20,0,,,
gemma2:2b,5,non-ordered,trivial,cot,True,1.0,20,37114,DELTA TANGO FOXTROT,KETTLE,5,15,543,0,1,1,1,20,20,0,10,20,0
gemma2:2b,5,non-ordered,trivial,direct,True,1.0,20,37114,DELTA TANGO FOXTROT,KETTLE,5,15,137,0,1,1,,18,20,0,,,
gemma2:2b,5,non-ordered,semantic_2,cot,True,1.0,20,37135,VICTOR INDIA DELTA,ALMOND,5,15,489,0,1,0,0,0,20,0,5,20,0
gemma2:2b,5,non-ordered,semantic_2,direct,True,1.0,20,37135,VICTOR INDIA DELTA,ALMOND,5,15,131,0,1,1,,17,20,0,,,
gemma2:2b,5,non-ordered,semantic_4,cot,True,1.0,20,37135,VICTOR INDIA DELTA,ALMOND,5,15,522,0,1,0,0,3,20,0,7,20,0
gemma2:2b,5,non-ordered,semantic_4,direct,True,1.0,20,37135,VICTOR INDIA DELTA,ALMOND,5,15,138,0,1,1,,14,20,0,,,
gemma2:2b,5,non-ordered,trivial,cot,True,1.0,20,38114,FOXTROT OSCAR GOLF,OBELISK,5,12,318,0,1,0,0,7,20,0,9,20,0
gemma2:2b,5,non-ordered,trivial,direct,True,1.0,20,38114,FOXTROT OSCAR GOLF,OBELISK,5,12,129,0,1,0,,20,20,0,,,
gemma2:2b,5,non-ordered,semantic_2,cot,True,1.0,20,38135,UNIFORM DELTA GOLF,OBELISK,5,14,2237,0,1,1,0,17,20,0,13,20,0
gemma2:2b,5,non-ordered,semantic_2,direct,True,1.0,20,38135,UNIFORM DELTA GOLF,OBELISK,5,14,142,0,1,1,,12,20,0,,,
gemma2:2b,5,non-ordered,semantic_4,cot,True,1.0,20,38135,UNIFORM DELTA GOLF,OBELISK,5,14,993,0,1,0,0,14,20,0,8,20,0
gemma2:2b,5,non-ordered,semantic_4,direct,True,1.0,20,38135,UNIFORM DELTA GOLF,OBELISK,5,14,142,0,1,1,,18,20,0,,,
gemma2:2b,5,non-ordered,trivial,cot,True,1.0,20,39114,ZULU QUEBEC DELTA,RAVIOLI,5,12,1304,0,1,1,1,20,20,0,11,20,0
gemma2:2b,5,non-ordered,trivial,direct,True,1.0,20,39114,ZULU QUEBEC DELTA,RAVIOLI,5,12,140,0,1,1,,20,20,0,,,
gemma2:2b,5,non-ordered,semantic_2,cot,True,1.0,20,39135,OSCAR XRAY SIERRA,ESPRESSO,5,14,1130,0,1,0,0,0,20,0,4,20,0
gemma2:2b,5,non-ordered,semantic_2,direct,True,1.0,20,39135,OSCAR XRAY SIERRA,ESPRESSO,5,14,130,0,1,1,,8,20,0,,,
gemma2:2b,5,non-ordered,semantic_4,cot,True,1.0,20,39135,OSCAR XRAY SIERRA,ESPRESSO,5,14,700,0,1,1,1,13,20,0,11,20,0
gemma2:2b,5,non-ordered,semantic_4,direct,True,1.0,20,39135,OSCAR XRAY SIERRA,ESPRESSO,5,14,132,0,1,1,,19,20,0,,,
gemma2:2b,5,non-ordered,trivial,cot,True,1.0,20,40114,CHARLIE MIKE QUEBEC,MARBLE,5,13,357,0,1,0,0,0,20,0,7,20,0
gemma2:2b,5,non-ordered,trivial,direct,True,1.0,20,40114,CHARLIE MIKE QUEBEC,MARBLE,5,13,129,0,1,1,,20,20,0,,,
gemma2:2b,5,non-ordered,semantic_2,cot,True,1.0,20,40135,QUEBEC YANKEE JULIET,GONDOLA,5,13,429,0,1,0,0,12,20,0,6,20,0
gemma2:2b,5,non-ordered,semantic_2,direct,True,1.0,20,40135,QUEBEC YANKEE JULIET,GONDOLA,5,13,190,0,1,1,,5,20,0,,,
gemma2:2b,5,non-ordered,semantic_4,cot,True,1.0,20,40135,QUEBEC YANKEE JULIET,GONDOLA,5,13,1532,0,1,1,1,20,20,0,8,20,0
gemma2:2b,5,non-ordered,semantic_4,direct,True,1.0,20,40135,QUEBEC YANKEE JULIET,GONDOLA,5,13,131,0,1,1,,16,20,0,,,
gemma2:2b,5,non-ordered,trivial,cot,True,1.0,20,41114,VICTOR TANGO ALPHA,NECTARINE,5,13,327,0,1,0,0,3,20,0,14,20,0
gemma2:2b,5,non-ordered,trivial,direct,True,1.0,20,41114,VICTOR TANGO ALPHA,NECTARINE,5,13,133,0,1,1,,19,20,0,,,
gemma2:2b,5,non-ordered,semantic_2,cot,True,1.0,20,41135,ECHO PAPA BRAVO,ZEPPELIN,5,14,678,0,1,1,0,16,20,0,,,
gemma2:2b,5,non-ordered,semantic_2,direct,True,1.0,20,41135,ECHO PAPA BRAVO,ZEPPELIN,5,14,132,0,1,1,,18,20,0,,,
gemma2:2b,5,non-ordered,semantic_4,cot,True,1.0,20,41135,ECHO PAPA BRAVO,ZEPPELIN,5,14,1387,0,1,1,0,20,20,0,,,
gemma2:2b,5,non-ordered,semantic_4,direct,True,1.0,20,41135,ECHO PAPA BRAVO,ZEPPELIN,5,14,141,0,1,1,,17,20,0,,,
gemma2:2b,5,non-ordered,trivial,cot,True,1.0,20,42114,FOXTROT DELTA TANGO,LULLABY,5,15,674,0,1,0,1,20,20,0,,,
